{"type": "FeatureCollection", "name": "26 Aug 2026 Nepal Flood \u2014 Observed/Analysed Extent + Event Features", "features": [{"type": "Feature", "properties": {"source": "Humanitarian OpenStreetMap Team (HOT)", "name": "Observed Flood Extent", "date": "2026-08-27", "area_sq_km": 31.7, "layer": "flood_extent", "license": "ODbL"}, "geometry": {"type": "Polygon", "coordinates": [[[84.556395, 27.859197], [84.55703, 27.859602], [84.558238, 27.859624], [84.559223, 27.858854], [84.560096, 27.858411], [84.566848, 27.859024], [84.57148, 27.860843], [84.572915, 27.861585], [84.574089, 27.862712], [84.575664, 27.86383], [84.576765, 27.864429], [84.577265, 27.865555], [84.57706, 27.866871], [84.576447, 27.867621], [84.576249, 27.868651], [84.576137, 27.870074], [84.576665, 27.87173], [84.579037, 27.873632], [84.580938, 27.874952], [84.582612, 27.875843], [84.584211, 27.876523], [84.586512, 27.87864], [84.587701, 27.879447], [84.589448, 27.880405], [84.590985, 27.880429], [84.59342, 27.879047], [84.59574, 27.877193], [84.596595, 27.876698], [84.597697, 27.876816], [84.599425, 27.877417], [84.601052, 27.877041], [84.604368, 27.875498], [84.605357, 27.874483], [84.605505, 27.873224], [84.605617, 27.873058], [84.606431, 27.872613], [84.608414, 27.872022], [84.609663, 27.87221], [84.612274, 27.873054], [84.613608, 27.874007], [84.613629, 27.876575], [84.614111, 27.87813], [84.614983, 27.87952], [84.616032, 27.879726], [84.617226, 27.88048], [84.619197, 27.881427], [84.620615, 27.881451], [84.623333, 27.880982], [84.625876, 27.879709], [84.627712, 27.878308], [84.627989, 27.877446], [84.628293, 27.874587], [84.627746, 27.873903], [84.627695, 27.872961], [84.628159, 27.872163], [84.630476, 27.870682], [84.634071, 27.869851], [84.634851, 27.869506], [84.635039, 27.868555], [84.634164, 27.866056], [84.634144, 27.865033], [84.634313, 27.863468], [84.635052, 27.861279], [84.636247, 27.860665], [84.639067, 27.860419], [84.641072, 27.860778], [84.642746, 27.861643], [84.644419, 27.86194], [84.647272, 27.861602], [84.649373, 27.861099], [84.650334, 27.860101], [84.650896, 27.858947], [84.650422, 27.858181], [84.648366, 27.855858], [84.647441, 27.854966], [84.647283, 27.854179], [84.64737, 27.853962], [84.648081, 27.853435], [84.649218, 27.853119], [84.651795, 27.852897], [84.655711, 27.852934], [84.658283, 27.851963], [84.660135, 27.850562], [84.661091, 27.849144], [84.661557, 27.847906], [84.661798, 27.84636], [84.662287, 27.845229], [84.663132, 27.844131], [84.664608, 27.840939], [84.663884, 27.838147], [84.663815, 27.836603], [84.663605, 27.835397], [84.663151, 27.834427], [84.662268, 27.833047], [84.661805, 27.831726], [84.661523, 27.829803], [84.661833, 27.828991], [84.663944, 27.82761], [84.666255, 27.825808], [84.667696, 27.823987], [84.668257, 27.82285], [84.668281, 27.821761], [84.667718, 27.819743], [84.668355, 27.818882], [84.670317, 27.817636], [84.67337, 27.81735], [84.67451, 27.816798], [84.677291, 27.816031], [84.678535, 27.814974], [84.680636, 27.814058], [84.683696, 27.811391], [84.684718, 27.810959], [84.688532, 27.810614], [84.691252, 27.810193], [84.694109, 27.809919], [84.696397, 27.808954], [84.701059, 27.808282], [84.704292, 27.808084], [84.706308, 27.807796], [84.708167, 27.807256], [84.708861, 27.806193], [84.709036, 27.804227], [84.708844, 27.802841], [84.709586, 27.801782], [84.711428, 27.800997], [84.714168, 27.801062], [84.715455, 27.802185], [84.716504, 27.803455], [84.71796, 27.804434], [84.7187, 27.804327], [84.719979, 27.803873], [84.721103, 27.802454], [84.722825, 27.801603], [84.727776, 27.800418], [84.729227, 27.798298], [84.730011, 27.796915], [84.730205, 27.796801], [84.731626, 27.796665], [84.733925, 27.797113], [84.735635, 27.798259], [84.736238, 27.800139], [84.736523, 27.80265], [84.737499, 27.804159], [84.739764, 27.804971], [84.74475, 27.805059], [84.746529, 27.806302], [84.748244, 27.806045], [84.750291, 27.805478], [84.751546, 27.806012], [84.754002, 27.80751], [84.755474, 27.808821], [84.755888, 27.810236], [84.75583, 27.81361], [84.755912, 27.814859], [84.758082, 27.816567], [84.760832, 27.81852], [84.764787, 27.819443], [84.766952, 27.818619], [84.768753, 27.817216], [84.770191, 27.815138], [84.769958, 27.813593], [84.770168, 27.812193], [84.770995, 27.811031], [84.773726, 27.809243], [84.775309, 27.809573], [84.775939, 27.810491], [84.779209, 27.813409], [84.781005, 27.813836], [84.781163, 27.814729], [84.780712, 27.816107], [84.781831, 27.816507], [84.78377, 27.814699], [84.787876, 27.815028], [84.789706, 27.814867], [84.790767, 27.813421], [84.792575, 27.813059], [84.794441, 27.813649], [84.79574, 27.814249], [84.797977, 27.814785], [84.800662, 27.815186], [84.801955, 27.815627], [84.804367, 27.817214], [84.806362, 27.817853], [84.809306, 27.817973], [84.810123, 27.817413], [84.810388, 27.816525], [84.810764, 27.816081], [84.811774, 27.815383], [84.813134, 27.814742], [84.816462, 27.813475], [84.817496, 27.812119], [84.817464, 27.810687], [84.818282, 27.808783], [84.819722, 27.80828], [84.821705, 27.808414], [84.821924, 27.80863], [84.821907, 27.809527], [84.821461, 27.81166], [84.820754, 27.813722], [84.821464, 27.815229], [84.822951, 27.817994], [84.824808, 27.819158], [84.827616, 27.819739], [84.829441, 27.819111], [84.831781, 27.817757], [84.835445, 27.814472], [84.835787, 27.813475], [84.835624, 27.811181], [84.836448, 27.808824], [84.837947, 27.807444], [84.838684, 27.805587], [84.839453, 27.80292], [84.839649, 27.802756], [84.841694, 27.802353], [84.84368, 27.802665], [84.846195, 27.803694], [84.848565, 27.808033], [84.849515, 27.809105], [84.851771, 27.809045], [84.855858, 27.808156], [84.859358, 27.807768], [84.860989, 27.806978], [84.862732, 27.805481], [84.86377, 27.80417], [84.864811, 27.803089], [84.866088, 27.802431], [84.867876, 27.802506], [84.870093, 27.80294], [84.871857, 27.80388], [84.87204, 27.804106], [84.87207, 27.804453], [84.87081, 27.806517], [84.871097, 27.807142], [84.874268, 27.808474], [84.874939, 27.808616], [84.87582, 27.808589], [84.877449, 27.808943], [84.878999, 27.809448], [84.880153, 27.809999], [84.882241, 27.81027], [84.882996, 27.810091], [84.883523, 27.809553], [84.884515, 27.809456], [84.88519, 27.809519], [84.885844, 27.810075], [84.886117, 27.810138], [84.887409, 27.810014], [84.893294, 27.808732], [84.89362, 27.808483], [84.894524, 27.808113], [84.89658, 27.808078], [84.897663, 27.807456], [84.898764, 27.807084], [84.899362, 27.80706], [84.900339, 27.807298], [84.902851, 27.807439], [84.904607, 27.808242], [84.906151, 27.808265], [84.90785, 27.807427], [84.908187, 27.806928], [84.908223, 27.805815], [84.908082, 27.805472], [84.908281, 27.805014], [84.908649, 27.804843], [84.910407, 27.804869], [84.91175, 27.805544], [84.912396, 27.805593], [84.913442, 27.805324], [84.914277, 27.804778], [84.91448, 27.804511], [84.914912, 27.803086], [84.915678, 27.801829], [84.917659, 27.800846], [84.918778, 27.800513], [84.921229, 27.798886], [84.923195, 27.7982], [84.925311, 27.798662], [84.926659, 27.799382], [84.927604, 27.800139], [84.931553, 27.802168], [84.933849, 27.804313], [84.936297, 27.805532], [84.937112, 27.805563], [84.93867, 27.805025], [84.939447, 27.805212], [84.940196, 27.806118], [84.940873, 27.807761], [84.94322, 27.811523], [84.945183, 27.814299], [84.946225, 27.81557], [84.947391, 27.816668], [84.949174, 27.817348], [84.950645, 27.817394], [84.953257, 27.81652], [84.95442, 27.817018], [84.956285, 27.818574], [84.956575, 27.818702], [84.959063, 27.818662], [84.960457, 27.818022], [84.962963, 27.816511], [84.9645, 27.815101], [84.965389, 27.812841], [84.965916, 27.811981], [84.966272, 27.811661], [84.967036, 27.81167], [84.96751, 27.812131], [84.96868, 27.812327], [84.969538, 27.811355], [84.970173, 27.809693], [84.970094, 27.80735], [84.970894, 27.806116], [84.972187, 27.805496], [84.972606, 27.805186], [84.972736, 27.80488], [84.972713, 27.804217], [84.972978, 27.802679], [84.973173, 27.802509], [84.9745, 27.802079], [84.975957, 27.801858], [84.977629, 27.801941], [84.978709, 27.802213], [84.979329, 27.802621], [84.979661, 27.802639], [84.980364, 27.802929], [84.981927, 27.803167], [84.98241, 27.803446], [84.983605, 27.804484], [84.985782, 27.805688], [84.987936, 27.806133], [84.989285, 27.80587], [84.990136, 27.805446], [84.99154, 27.804111], [84.991915, 27.803881], [84.992307, 27.803849], [84.99345, 27.804203], [84.996183, 27.804299], [84.997805, 27.803692], [84.999501, 27.802691], [85.001334, 27.802492], [85.002824, 27.802969], [85.00366, 27.804235], [85.006109, 27.805583], [85.006777, 27.805786], [85.007597, 27.805837], [85.010932, 27.80707], [85.012118, 27.807753], [85.012876, 27.807914], [85.013093, 27.808205], [85.013158, 27.808961], [85.012882, 27.809326], [85.012105, 27.809421], [85.011874, 27.809684], [85.011522, 27.81134], [85.012068, 27.813182], [85.013396, 27.815175], [85.013986, 27.816625], [85.014919, 27.819798], [85.015372, 27.820456], [85.015579, 27.821195], [85.015807, 27.823479], [85.016084, 27.824458], [85.015685, 27.825902], [85.015785, 27.826893], [85.016937, 27.828061], [85.018984, 27.829651], [85.020822, 27.833506], [85.02074, 27.833727], [85.020516, 27.833798], [85.019847, 27.833495], [85.018131, 27.833203], [85.017555, 27.833295], [85.017301, 27.833703], [85.017455, 27.834033], [85.018193, 27.834864], [85.018854, 27.835172], [85.02041, 27.835532], [85.020797, 27.835749], [85.021408, 27.83635], [85.020873, 27.837458], [85.019482, 27.839791], [85.018592, 27.841724], [85.018294, 27.843402], [85.018961, 27.844982], [85.020971, 27.84673], [85.023857, 27.848063], [85.027414, 27.849112], [85.028715, 27.84998], [85.028813, 27.850179], [85.028893, 27.852221], [85.029868, 27.853841], [85.031855, 27.855362], [85.03455, 27.855581], [85.041291, 27.856808], [85.04384, 27.857442], [85.045622, 27.857117], [85.046534, 27.855964], [85.047412, 27.855319], [85.048426, 27.855262], [85.0495, 27.855591], [85.051129, 27.85575], [85.051966, 27.856143], [85.054128, 27.857665], [85.055638, 27.858034], [85.057964, 27.859306], [85.059504, 27.86041], [85.061023, 27.860353], [85.062224, 27.86064], [85.065561, 27.860671], [85.066127, 27.86084], [85.066886, 27.861479], [85.067229, 27.862424], [85.067388, 27.862584], [85.067649, 27.862308], [85.068289, 27.860859], [85.069233, 27.860715], [85.069971, 27.860814], [85.071291, 27.860175], [85.072323, 27.85801], [85.073234, 27.856574], [85.072674, 27.855347], [85.072684, 27.855145], [85.072856, 27.854998], [85.073669, 27.854855], [85.076121, 27.8549], [85.077539, 27.855674], [85.078477, 27.856425], [85.081597, 27.857758], [85.084971, 27.857592], [85.087309, 27.858185], [85.088241, 27.859118], [85.088237, 27.860572], [85.088932, 27.862301], [85.089789, 27.862606], [85.091856, 27.863702], [85.092414, 27.863773], [85.09298, 27.863672], [85.094667, 27.862233], [85.0974, 27.860844], [85.102744, 27.859205], [85.10629, 27.85965], [85.109107, 27.86357], [85.11162, 27.866127], [85.112849, 27.868704], [85.114324, 27.872596], [85.115251, 27.873635], [85.11567, 27.873798], [85.116626, 27.8737], [85.118043, 27.873952], [85.119716, 27.874873], [85.121253, 27.875914], [85.123524, 27.876335], [85.124637, 27.878289], [85.126098, 27.882503], [85.129755, 27.885345], [85.133355, 27.887929], [85.135287, 27.891299], [85.135078, 27.894803], [85.13544, 27.897095], [85.136498, 27.901341], [85.137213, 27.90232], [85.137648, 27.904664], [85.137437, 27.906694], [85.135706, 27.910848], [85.133426, 27.914579], [85.133474, 27.915654], [85.136018, 27.917757], [85.137379, 27.918458], [85.137688, 27.918993], [85.138308, 27.919629], [85.138712, 27.919724], [85.139343, 27.91931], [85.140424, 27.919282], [85.141218, 27.919716], [85.142118, 27.920348], [85.142641, 27.920883], [85.143154, 27.921149], [85.145078, 27.921399], [85.147127, 27.922005], [85.147771, 27.922313], [85.148089, 27.923046], [85.148103, 27.924001], [85.148282, 27.924329], [85.148146, 27.924846], [85.148757, 27.925947], [85.148868, 27.927289], [85.14853, 27.92786], [85.147702, 27.928217], [85.147269, 27.928859], [85.147213, 27.929322], [85.146893, 27.929943], [85.147218, 27.930535], [85.147712, 27.932307], [85.148437, 27.934046], [85.148526, 27.934584], [85.148784, 27.935024], [85.149485, 27.934866], [85.149899, 27.934933], [85.150621, 27.935483], [85.152823, 27.936526], [85.155345, 27.938499], [85.156711, 27.939717], [85.157098, 27.940336], [85.157079, 27.94093], [85.157306, 27.941397], [85.156957, 27.941755], [85.156987, 27.941969], [85.157416, 27.941988], [85.158307, 27.94245], [85.158727, 27.943736], [85.159168, 27.94424], [85.159271, 27.945035], [85.159923, 27.946044], [85.159811, 27.946316], [85.159242, 27.946338], [85.159156, 27.946568], [85.159957, 27.947005], [85.160853, 27.947753], [85.161306, 27.948782], [85.161306, 27.949148], [85.161603, 27.950173], [85.161532, 27.950485], [85.161657, 27.951003], [85.161742, 27.952641], [85.161564, 27.953194], [85.161596, 27.953748], [85.161251, 27.95415], [85.161228, 27.954547], [85.161536, 27.955126], [85.161677, 27.95571], [85.161093, 27.956719], [85.161125, 27.957018], [85.161331, 27.957076], [85.161813, 27.956733], [85.162276, 27.955747], [85.162453, 27.955646], [85.16265, 27.955699], [85.163074, 27.956117], [85.163074, 27.956911], [85.163456, 27.957439], [85.165043, 27.958124], [85.165492, 27.958532], [85.166595, 27.958889], [85.167069, 27.959199], [85.167269, 27.959698], [85.168143, 27.961037], [85.168282, 27.961636], [85.168087, 27.961959], [85.168388, 27.962553], [85.168326, 27.96351], [85.16842, 27.963778], [85.168574, 27.963953], [85.169428, 27.964143], [85.16964, 27.964482], [85.170152, 27.964702], [85.170238, 27.965084], [85.17073, 27.964866], [85.171359, 27.96511], [85.171572, 27.965686], [85.171419, 27.966273], [85.171526, 27.966648], [85.172322, 27.96701], [85.17302, 27.967629], [85.174009, 27.96764], [85.174871, 27.967799], [85.175391, 27.968041], [85.175636, 27.968247], [85.175815, 27.968641], [85.176887, 27.9693], [85.17954, 27.970028], [85.180299, 27.970483], [85.181036, 27.971512], [85.180622, 27.972916], [85.181053, 27.974732], [85.181008, 27.975874], [85.180029, 27.978207], [85.179864, 27.978862], [85.178991, 27.97995], [85.179353, 27.986593], [85.180245, 27.989005], [85.180861, 27.989744], [85.181379, 27.992277], [85.182549, 27.995498], [85.183449, 27.996695], [85.183924, 27.997825], [85.183836, 27.999086], [85.18319, 28.000408], [85.183113, 28.00545], [85.182838, 28.007008], [85.181886, 28.010556], [85.181754, 28.01155], [85.181799, 28.011978], [85.182276, 28.013407], [85.183566, 28.014207], [85.184136, 28.014791], [85.185491, 28.017499], [85.185069, 28.018356], [85.18458, 28.019027], [85.184062, 28.020408], [85.184133, 28.022416], [85.184427, 28.023324], [85.185253, 28.025132], [85.185733, 28.025747], [85.188588, 28.027553], [85.191323, 28.028929], [85.192449, 28.030424], [85.192904, 28.031718], [85.193075, 28.033139], [85.192761, 28.034233], [85.19294, 28.034829], [85.19267, 28.036052], [85.192711, 28.037129], [85.192488, 28.037778], [85.192503, 28.038117], [85.192819, 28.038457], [85.192894, 28.038778], [85.192791, 28.039074], [85.193251, 28.039777], [85.193272, 28.040304], [85.193778, 28.041068], [85.194184, 28.041453], [85.194664, 28.042159], [85.197123, 28.043925], [85.198134, 28.044468], [85.198736, 28.04523], [85.200343, 28.046374], [85.200729, 28.046805], [85.201122, 28.047726], [85.20191, 28.048717], [85.202047, 28.049168], [85.202642, 28.050078], [85.202903, 28.050899], [85.205211, 28.05323], [85.205436, 28.053616], [85.206005, 28.053986], [85.206636, 28.05478], [85.20662, 28.055144], [85.207321, 28.056514], [85.207409, 28.057482], [85.207226, 28.058002], [85.207366, 28.058427], [85.207283, 28.05936], [85.206271, 28.060763], [85.206266, 28.062053], [85.205666, 28.062711], [85.206019, 28.062931], [85.206074, 28.063363], [85.205376, 28.064876], [85.205144, 28.06618], [85.204765, 28.066895], [85.204552, 28.067603], [85.204621, 28.068455], [85.204857, 28.069082], [85.205294, 28.069503], [85.20574, 28.07045], [85.206351, 28.071304], [85.206712, 28.073092], [85.207677, 28.07369], [85.209345, 28.075079], [85.210227, 28.07531], [85.211073, 28.075694], [85.211182, 28.075897], [85.211108, 28.076352], [85.211256, 28.076559], [85.2121, 28.076403], [85.213841, 28.07705], [85.214408, 28.077781], [85.215568, 28.078453], [85.216107, 28.07893], [85.216165, 28.079532], [85.216699, 28.079558], [85.216869, 28.079668], [85.217015, 28.079944], [85.216984, 28.080143], [85.216277, 28.080503], [85.216284, 28.080708], [85.216894, 28.080626], [85.217154, 28.08093], [85.217499, 28.080858], [85.218025, 28.080991], [85.21862, 28.08159], [85.218629, 28.08195], [85.218998, 28.081893], [85.219817, 28.082342], [85.22058, 28.083288], [85.22072, 28.083299], [85.221126, 28.082676], [85.222051, 28.082727], [85.222822, 28.083118], [85.223396, 28.083826], [85.22375, 28.084007], [85.224005, 28.083913], [85.224437, 28.08404], [85.225196, 28.084638], [85.225832, 28.084978], [85.226075, 28.085378], [85.226137, 28.085931], [85.226502, 28.08648], [85.227355, 28.086954], [85.227573, 28.087405], [85.228118, 28.087669], [85.228492, 28.087713], [85.228769, 28.088028], [85.229043, 28.088124], [85.229279, 28.08848], [85.229781, 28.088813], [85.230457, 28.088984], [85.23105, 28.089838], [85.231547, 28.090191], [85.232118, 28.090449], [85.232432, 28.090394], [85.233035, 28.090631], [85.233139, 28.090843], [85.233012, 28.091235], [85.233675, 28.091509], [85.233972, 28.091964], [85.234157, 28.09203], [85.235676, 28.09187], [85.236761, 28.092051], [85.237336, 28.091946], [85.238783, 28.09223], [85.239432, 28.092756], [85.241149, 28.092796], [85.241719, 28.092933], [85.243644, 28.09303], [85.245217, 28.092809], [85.246511, 28.092947], [85.247553, 28.092807], [85.248535, 28.092821], [85.249793, 28.093245], [85.25162, 28.093502], [85.252106, 28.093907], [85.253009, 28.094158], [85.255397, 28.095403], [85.256616, 28.095579], [85.257167, 28.095769], [85.258751, 28.095773], [85.260088, 28.096256], [85.260517, 28.096783], [85.26162, 28.097667], [85.263, 28.098321], [85.263318, 28.098778], [85.263685, 28.10006], [85.264534, 28.100911], [85.265226, 28.101205], [85.265507, 28.101592], [85.266754, 28.102746], [85.267722, 28.103346], [85.268378, 28.103534], [85.268991, 28.104134], [85.269969, 28.104541], [85.270687, 28.105497], [85.270991, 28.106231], [85.272166, 28.107268], [85.273038, 28.107683], [85.273491, 28.107673], [85.273767, 28.107788], [85.274074, 28.108134], [85.274896, 28.109566], [85.275564, 28.109664], [85.275923, 28.109455], [85.276487, 28.109826], [85.276559, 28.110035], [85.276398, 28.110399], [85.276329, 28.111215], [85.276983, 28.11173], [85.276892, 28.112936], [85.277111, 28.113659], [85.277405, 28.113966], [85.277772, 28.114148], [85.278059, 28.114057], [85.278191, 28.113575], [85.27813, 28.113177], [85.278351, 28.112977], [85.279021, 28.113082], [85.279139, 28.113251], [85.279175, 28.113693], [85.279287, 28.113733], [85.279805, 28.113533], [85.280204, 28.113556], [85.280439, 28.11388], [85.280876, 28.114131], [85.280916, 28.114593], [85.281366, 28.115189], [85.281553, 28.115803], [85.281494, 28.116095], [85.281725, 28.116383], [85.281796, 28.116766], [85.282401, 28.116631], [85.28259, 28.116982], [85.283467, 28.117432], [85.283898, 28.117909], [85.284715, 28.117885], [85.285361, 28.118205], [85.285679, 28.118513], [85.286717, 28.118622], [85.287186, 28.118839], [85.287419, 28.119078], [85.287453, 28.119487], [85.287821, 28.120273], [85.28777, 28.120656], [85.288164, 28.121153], [85.288544, 28.121372], [85.289249, 28.121424], [85.290314, 28.121919], [85.290527, 28.122126], [85.290633, 28.122698], [85.290924, 28.122946], [85.292147, 28.123477], [85.294146, 28.125407], [85.296263, 28.126352], [85.297002, 28.12685], [85.297695, 28.127831], [85.298139, 28.128852], [85.299101, 28.129551], [85.299372, 28.129871], [85.299671, 28.131153], [85.299535, 28.131885], [85.300116, 28.132733], [85.300997, 28.133403], [85.303234, 28.136123], [85.304185, 28.137885], [85.304536, 28.138917], [85.306829, 28.141433], [85.307489, 28.141851], [85.308418, 28.142224], [85.309476, 28.143104], [85.30994, 28.143262], [85.310928, 28.143354], [85.311365, 28.143572], [85.311806, 28.144423], [85.312647, 28.145486], [85.31336, 28.146016], [85.317439, 28.148095], [85.319112, 28.149152], [85.321568, 28.150937], [85.323217, 28.15124], [85.324364, 28.151805], [85.325249, 28.152465], [85.325786, 28.153101], [85.327995, 28.155142], [85.329233, 28.15609], [85.330466, 28.156763], [85.331951, 28.15842], [85.333137, 28.159174], [85.334587, 28.159825], [85.335205, 28.160696], [85.335483, 28.161331], [85.336667, 28.162604], [85.336922, 28.163541], [85.338059, 28.164595], [85.339995, 28.165151], [85.340599, 28.165531], [85.340856, 28.165892], [85.340915, 28.166623], [85.3415, 28.167302], [85.342001, 28.172972], [85.341966, 28.175705], [85.342103, 28.178062], [85.341981, 28.178795], [85.341252, 28.180622], [85.340557, 28.181254], [85.339547, 28.181844], [85.339494, 28.182259], [85.339928, 28.182693], [85.340367, 28.182916], [85.341305, 28.18266], [85.342067, 28.182622], [85.342368, 28.182947], [85.342431, 28.183267], [85.343066, 28.183823], [85.343335, 28.184372], [85.343414, 28.184814], [85.343804, 28.185228], [85.344208, 28.186099], [85.344667, 28.18651], [85.34508, 28.1872], [85.345184, 28.187974], [85.345602, 28.188751], [85.345508, 28.189232], [85.345578, 28.189541], [85.346906, 28.190408], [85.347265, 28.191201], [85.347682, 28.191655], [85.34793, 28.192511], [85.348786, 28.194247], [85.348723, 28.194626], [85.349056, 28.195268], [85.349234, 28.196234], [85.349634, 28.197166], [85.349972, 28.197424], [85.350577, 28.197601], [85.351141, 28.198353], [85.351834, 28.199945], [85.35171, 28.20111], [85.351924, 28.201603], [85.35199, 28.202845], [85.352838, 28.20452], [85.353234, 28.204799], [85.353389, 28.205165], [85.353782, 28.205428], [85.354003, 28.206354], [85.353844, 28.207056], [85.353822, 28.20785], [85.353445, 28.20808], [85.353193, 28.208472], [85.353126, 28.209181], [85.352669, 28.209813], [85.353039, 28.210079], [85.353297, 28.210778], [85.353697, 28.211174], [85.353805, 28.21147], [85.35409, 28.214202], [85.35403, 28.215334], [85.354143, 28.21634], [85.354018, 28.216571], [85.353665, 28.216669], [85.353668, 28.216923], [85.354262, 28.217134], [85.354575, 28.217381], [85.355277, 28.218357], [85.356136, 28.219149], [85.356333, 28.219521], [85.357006, 28.219911], [85.357257, 28.220283], [85.357296, 28.221014], [85.357478, 28.221451], [85.357775, 28.221594], [85.358035, 28.222106], [85.359055, 28.222724], [85.359229, 28.22312], [85.359767, 28.223733], [85.359783, 28.224038], [85.360052, 28.224373], [85.359939, 28.224808], [85.360256, 28.225761], [85.36017, 28.227057], [85.360269, 28.228732], [85.360039, 28.229021], [85.360021, 28.229617], [85.359797, 28.230536], [85.359833, 28.231026], [85.359386, 28.231552], [85.359483, 28.23207], [85.359125, 28.232924], [85.358817, 28.233171], [85.358683, 28.233646], [85.357982, 28.234519], [85.357936, 28.23494], [85.357647, 28.235655], [85.357214, 28.235833], [85.356912, 28.236236], [85.356866, 28.23643], [85.357105, 28.23733], [85.356792, 28.237766], [85.356884, 28.237941], [85.357162, 28.238061], [85.357242, 28.238339], [85.357127, 28.23916], [85.356849, 28.239799], [85.356911, 28.240373], [85.356678, 28.242167], [85.358493, 28.244443], [85.360444, 28.245779], [85.36169, 28.246895], [85.362457, 28.247333], [85.362824, 28.247946], [85.362877, 28.248229], [85.363839, 28.24931], [85.363696, 28.2516], [85.363405, 28.251946], [85.362597, 28.252259], [85.362378, 28.252464], [85.362374, 28.252616], [85.362583, 28.252726], [85.363412, 28.25267], [85.36377, 28.252993], [85.363878, 28.254289], [85.363658, 28.255537], [85.363892, 28.255935], [85.364084, 28.257102], [85.364308, 28.257462], [85.364639, 28.257697], [85.364731, 28.258097], [85.365222, 28.258484], [85.365712, 28.258655], [85.366387, 28.259084], [85.366671, 28.259509], [85.367184, 28.259731], [85.36763, 28.260198], [85.368694, 28.260305], [85.370312, 28.260929], [85.370752, 28.261493], [85.371983, 28.264731], [85.37285, 28.265872], [85.374842, 28.267077], [85.375487, 28.268143], [85.375982, 28.270885], [85.376415, 28.272311], [85.376246, 28.273564], [85.375505, 28.275142], [85.375404, 28.275876], [85.375549, 28.27652], [85.376107, 28.277669], [85.376222, 28.278442], [85.375578, 28.279959], [85.375476, 28.280699], [85.379088, 28.280452], [85.379843, 28.279611], [85.379756, 28.278944], [85.378369, 28.277426], [85.378296, 28.276492], [85.378566, 28.275679], [85.378725, 28.274559], [85.379465, 28.272749], [85.379451, 28.271305], [85.378261, 28.268295], [85.377454, 28.266968], [85.377448, 28.266493], [85.378319, 28.265654], [85.378073, 28.264653], [85.375164, 28.263849], [85.374361, 28.263151], [85.373604, 28.261389], [85.373038, 28.260722], [85.370916, 28.260029], [85.369387, 28.258634], [85.367918, 28.25774], [85.367379, 28.257051], [85.367088, 28.256368], [85.367073, 28.255857], [85.36729, 28.255222], [85.367034, 28.253117], [85.367189, 28.252305], [85.367007, 28.251381], [85.367027, 28.250981], [85.367206, 28.25062], [85.366937, 28.250468], [85.366795, 28.250003], [85.366523, 28.24978], [85.365895, 28.248348], [85.365514, 28.247821], [85.364732, 28.247237], [85.363729, 28.245962], [85.363368, 28.245103], [85.362674, 28.24492], [85.362053, 28.244423], [85.361149, 28.244262], [85.360679, 28.243964], [85.359651, 28.242836], [85.359571, 28.242486], [85.359306, 28.242167], [85.359548, 28.240666], [85.359384, 28.240189], [85.359694, 28.239656], [85.359458, 28.238765], [85.359832, 28.237256], [85.360045, 28.236992], [85.360056, 28.236234], [85.360301, 28.235687], [85.360208, 28.23522], [85.360741, 28.234428], [85.360911, 28.233877], [85.361676, 28.232947], [85.361667, 28.23202], [85.361508, 28.231419], [85.361542, 28.230801], [85.36218, 28.228401], [85.362167, 28.227298], [85.362414, 28.22693], [85.363193, 28.226907], [85.363618, 28.226731], [85.363998, 28.226271], [85.36391, 28.226116], [85.3638, 28.226139], [85.362951, 28.226604], [85.362718, 28.226524], [85.362367, 28.226123], [85.362231, 28.224808], [85.362437, 28.224128], [85.362269, 28.223939], [85.362158, 28.223395], [85.362224, 28.222723], [85.361915, 28.222429], [85.361917, 28.222042], [85.362053, 28.221752], [85.361038, 28.22133], [85.360844, 28.220816], [85.360409, 28.220928], [85.359419, 28.220431], [85.35827, 28.219208], [85.358002, 28.219079], [85.357711, 28.218727], [85.357351, 28.218624], [85.357131, 28.218184], [85.357057, 28.217629], [85.356569, 28.217059], [85.355758, 28.215721], [85.355839, 28.214716], [85.355724, 28.214265], [85.355837, 28.213398], [85.355601, 28.212505], [85.355966, 28.212066], [85.355236, 28.211353], [85.355202, 28.210195], [85.355318, 28.208924], [85.355635, 28.208327], [85.355776, 28.207748], [85.355931, 28.20624], [85.355666, 28.205242], [85.355158, 28.204411], [85.354219, 28.203244], [85.354018, 28.202475], [85.354087, 28.202186], [85.353621, 28.201532], [85.353598, 28.201263], [85.353737, 28.200918], [85.354138, 28.200655], [85.354136, 28.200497], [85.353536, 28.200128], [85.353481, 28.199295], [85.353097, 28.198549], [85.353098, 28.197934], [85.352645, 28.197677], [85.351248, 28.196119], [85.35106, 28.19514], [85.351223, 28.194797], [85.351182, 28.194602], [85.349713, 28.191997], [85.34888, 28.190009], [85.348493, 28.189605], [85.347807, 28.188172], [85.347191, 28.187238], [85.346586, 28.185694], [85.346136, 28.185561], [85.345835, 28.185278], [85.345337, 28.184398], [85.345145, 28.183709], [85.344469, 28.182228], [85.343518, 28.181194], [85.343492, 28.180803], [85.343839, 28.179867], [85.343888, 28.177424], [85.343433, 28.174253], [85.343867, 28.170268], [85.343673, 28.168203], [85.343885, 28.166476], [85.343622, 28.165703], [85.343814, 28.164194], [85.343708, 28.163476], [85.343337, 28.162964], [85.341854, 28.162866], [85.340866, 28.163061], [85.340596, 28.162971], [85.34035, 28.162603], [85.339964, 28.162352], [85.338557, 28.160854], [85.337295, 28.160018], [85.336844, 28.159355], [85.336699, 28.158796], [85.336476, 28.158509], [85.336049, 28.158249], [85.33462, 28.157894], [85.334165, 28.157677], [85.333324, 28.157187], [85.331991, 28.155872], [85.330414, 28.155287], [85.328314, 28.15291], [85.327276, 28.152054], [85.32629, 28.150858], [85.32558, 28.150304], [85.324396, 28.149938], [85.323281, 28.149766], [85.322052, 28.149169], [85.321471, 28.148388], [85.320368, 28.147774], [85.319127, 28.146676], [85.315789, 28.144618], [85.313754, 28.143654], [85.313042, 28.143079], [85.312527, 28.142222], [85.311509, 28.141044], [85.310428, 28.140793], [85.309329, 28.140827], [85.307787, 28.139695], [85.307187, 28.138961], [85.306623, 28.137314], [85.306272, 28.136995], [85.305578, 28.136837], [85.305215, 28.136242], [85.304879, 28.135368], [85.303777, 28.134503], [85.302808, 28.131951], [85.30169, 28.131375], [85.301444, 28.130641], [85.301416, 28.129734], [85.301249, 28.129372], [85.29975, 28.128591], [85.29946, 28.12832], [85.299393, 28.127763], [85.299596, 28.127107], [85.299308, 28.126772], [85.298265, 28.126218], [85.297655, 28.125436], [85.297088, 28.125225], [85.295617, 28.124375], [85.292556, 28.12177], [85.292189, 28.121319], [85.291661, 28.120989], [85.290801, 28.120672], [85.289856, 28.119583], [85.289242, 28.119355], [85.288989, 28.119141], [85.288532, 28.118212], [85.286837, 28.117413], [85.285143, 28.116395], [85.284652, 28.115929], [85.28433, 28.115227], [85.283717, 28.114886], [85.283286, 28.114307], [85.282713, 28.113088], [85.281768, 28.112162], [85.280162, 28.111341], [85.279273, 28.110302], [85.279119, 28.10985], [85.277957, 28.109189], [85.277376, 28.108154], [85.276504, 28.108041], [85.27603, 28.10783], [85.274547, 28.106629], [85.273788, 28.106433], [85.273163, 28.106113], [85.272793, 28.105635], [85.272612, 28.10515], [85.271819, 28.104409], [85.271774, 28.103817], [85.271135, 28.103294], [85.270083, 28.102716], [85.268932, 28.101464], [85.268425, 28.101169], [85.267848, 28.101221], [85.267313, 28.101513], [85.267087, 28.101453], [85.266859, 28.100824], [85.266232, 28.100318], [85.265437, 28.099894], [85.264643, 28.099212], [85.264622, 28.099003], [85.264845, 28.098588], [85.264569, 28.098096], [85.264775, 28.097543], [85.264641, 28.097059], [85.263576, 28.097146], [85.262535, 28.096621], [85.261883, 28.095784], [85.261165, 28.095266], [85.258742, 28.094309], [85.257187, 28.094346], [85.256072, 28.093683], [85.252751, 28.092438], [85.252069, 28.092561], [85.251075, 28.092073], [85.249057, 28.091732], [85.246811, 28.091685], [85.245744, 28.091782], [85.24423, 28.091387], [85.243064, 28.091433], [85.241563, 28.091291], [85.240704, 28.090882], [85.239609, 28.090844], [85.239116, 28.090623], [85.238177, 28.090455], [85.237058, 28.090469], [85.234867, 28.089698], [85.233095, 28.089298], [85.232306, 28.088949], [85.231178, 28.087947], [85.230954, 28.087532], [85.230231, 28.087046], [85.230135, 28.086721], [85.230225, 28.086188], [85.22995, 28.085677], [85.229377, 28.085309], [85.229191, 28.084578], [85.228692, 28.08405], [85.227526, 28.083244], [85.227046, 28.083224], [85.226841, 28.08275], [85.226274, 28.082558], [85.22605, 28.082205], [85.225728, 28.082046], [85.225187, 28.08195], [85.224009, 28.082099], [85.223262, 28.081616], [85.222707, 28.081574], [85.222143, 28.081369], [85.221894, 28.080907], [85.222098, 28.080445], [85.221121, 28.080249], [85.220645, 28.080525], [85.219453, 28.079926], [85.218762, 28.079249], [85.218638, 28.07888], [85.218205, 28.078551], [85.218026, 28.078194], [85.216939, 28.077559], [85.215904, 28.07666], [85.215277, 28.076361], [85.21434, 28.075534], [85.212702, 28.074653], [85.21185, 28.074346], [85.21109, 28.073852], [85.21039, 28.073141], [85.210158, 28.072262], [85.209875, 28.071818], [85.209592, 28.071672], [85.209353, 28.071191], [85.209071, 28.071042], [85.208297, 28.070206], [85.208184, 28.069484], [85.208042, 28.069259], [85.207628, 28.069038], [85.206837, 28.068217], [85.206771, 28.06799], [85.20687, 28.067423], [85.206732, 28.067048], [85.207154, 28.066139], [85.207408, 28.065955], [85.207407, 28.065681], [85.207606, 28.06536], [85.207468, 28.064301], [85.207553, 28.063942], [85.208159, 28.062661], [85.20853, 28.061333], [85.208855, 28.060646], [85.209398, 28.060184], [85.209421, 28.060051], [85.209231, 28.059894], [85.209144, 28.059631], [85.209099, 28.059211], [85.209276, 28.05827], [85.208976, 28.057571], [85.209048, 28.057333], [85.209638, 28.05677], [85.209691, 28.05656], [85.209405, 28.05615], [85.20937, 28.055006], [85.209093, 28.054423], [85.209183, 28.054076], [85.208686, 28.053899], [85.208483, 28.053524], [85.208726, 28.052957], [85.20847, 28.052801], [85.207685, 28.05269], [85.207388, 28.052176], [85.206552, 28.051324], [85.205153, 28.050293], [85.205129, 28.049848], [85.204473, 28.049627], [85.20382, 28.048764], [85.203618, 28.048007], [85.203113, 28.046987], [85.202784, 28.046803], [85.202462, 28.046245], [85.202114, 28.046075], [85.201645, 28.045533], [85.201362, 28.04494], [85.201053, 28.044776], [85.200666, 28.044309], [85.200637, 28.044108], [85.200769, 28.043906], [85.200668, 28.043728], [85.199831, 28.043845], [85.19806, 28.042639], [85.197533, 28.042443], [85.196862, 28.041943], [85.195797, 28.040875], [85.195203, 28.039985], [85.194953, 28.039047], [85.195151, 28.038255], [85.195039, 28.037398], [85.195233, 28.036696], [85.195137, 28.035117], [85.195338, 28.034488], [85.195221, 28.03414], [85.195458, 28.033687], [85.195566, 28.032658], [85.195403, 28.032482], [85.195013, 28.030991], [85.193708, 28.028234], [85.192837, 28.027277], [85.190821, 28.025754], [85.187301, 28.024257], [85.186274, 28.022955], [85.186248, 28.022087], [85.186919, 28.021242], [85.187658, 28.020588], [85.18834, 28.019689], [85.188427, 28.018099], [85.188267, 28.016889], [85.186411, 28.015104], [85.185699, 28.014268], [85.185263, 28.01317], [85.185194, 28.010111], [85.185497, 28.007952], [85.186033, 28.006472], [85.185759, 28.005351], [85.186626, 28.00249], [85.187367, 28.000481], [85.18718, 27.997875], [85.186686, 27.996709], [85.185437, 27.99582], [85.184793, 27.994414], [85.184714, 27.993778], [85.184785, 27.993024], [85.184626, 27.99182], [85.183771, 27.989744], [85.182379, 27.984326], [85.181863, 27.983681], [85.181597, 27.982126], [85.181707, 27.98121], [85.182215, 27.980322], [85.182567, 27.979082], [85.18303, 27.97824], [85.183986, 27.975359], [85.184596, 27.975154], [85.186339, 27.975364], [85.188021, 27.976601], [85.188724, 27.976876], [85.189703, 27.97676], [85.190414, 27.97618], [85.190603, 27.975426], [85.190574, 27.974628], [85.190197, 27.97399], [85.18966, 27.973496], [85.188964, 27.973264], [85.187093, 27.97298], [85.186379, 27.972405], [85.186285, 27.972218], [85.186294, 27.971375], [85.186441, 27.970974], [85.186211, 27.970572], [85.185525, 27.96984], [85.184277, 27.968839], [85.181783, 27.968171], [85.180317, 27.96746], [85.178752, 27.966376], [85.177192, 27.964657], [85.176663, 27.964248], [85.175419, 27.963894], [85.173666, 27.963079], [85.172615, 27.962065], [85.170569, 27.959403], [85.17043, 27.958755], [85.1693, 27.95854], [85.169214, 27.958196], [85.169309, 27.957707], [85.169072, 27.957417], [85.168499, 27.95719], [85.168311, 27.956793], [85.16671, 27.956025], [85.165673, 27.955778], [85.16508, 27.955506], [85.164843, 27.954869], [85.164125, 27.953827], [85.16383, 27.953184], [85.164116, 27.952153], [85.164098, 27.95081], [85.164371, 27.94851], [85.164106, 27.948091], [85.163897, 27.947421], [85.16316, 27.946542], [85.162745, 27.945857], [85.162618, 27.944935], [85.162232, 27.944151], [85.161782, 27.942711], [85.160996, 27.941259], [85.160496, 27.939534], [85.159856, 27.939025], [85.159709, 27.938785], [85.158093, 27.937666], [85.157827, 27.937122], [85.157788, 27.93653], [85.157423, 27.935183], [85.157126, 27.934529], [85.155637, 27.932661], [85.155411, 27.932236], [85.154435, 27.931457], [85.154473, 27.931182], [85.154894, 27.930825], [85.154525, 27.930563], [85.153681, 27.930327], [85.152272, 27.930255], [85.152, 27.930297], [85.151381, 27.930718], [85.151177, 27.930744], [85.150924, 27.930619], [85.150752, 27.930338], [85.150896, 27.928823], [85.15162, 27.92756], [85.151885, 27.926802], [85.152209, 27.926425], [85.152193, 27.926109], [85.151864, 27.92531], [85.151839, 27.923441], [85.151658, 27.922358], [85.150858, 27.921712], [85.150138, 27.921506], [85.148973, 27.920608], [85.148199, 27.920671], [85.147731, 27.920421], [85.147562, 27.920119], [85.147102, 27.919735], [85.143624, 27.91837], [85.143061, 27.917916], [85.13998, 27.916185], [85.138979, 27.91537], [85.137844, 27.914816], [85.137532, 27.913304], [85.138455, 27.911425], [85.141153, 27.909098], [85.142264, 27.905625], [85.141678, 27.902413], [85.13959, 27.900598], [85.138642, 27.899189], [85.138493, 27.898372], [85.138379, 27.896324], [85.139218, 27.894714], [85.139405, 27.894109], [85.139405, 27.893406], [85.139158, 27.892673], [85.138626, 27.891773], [85.138477, 27.889502], [85.138353, 27.889014], [85.134063, 27.885675], [85.132381, 27.883828], [85.130208, 27.881958], [85.1284, 27.878259], [85.128235, 27.875943], [85.127123, 27.874627], [85.125465, 27.873797], [85.122864, 27.872269], [85.119754, 27.870953], [85.11876, 27.870153], [85.116775, 27.86933], [85.115811, 27.868613], [85.11262, 27.863092], [85.112456, 27.862202], [85.111401, 27.860043], [85.111504, 27.859365], [85.112989, 27.858516], [85.113334, 27.857608], [85.112798, 27.857274], [85.112551, 27.85724], [85.110664, 27.858041], [85.109966, 27.857952], [85.107859, 27.858293], [85.106942, 27.858315], [85.105692, 27.85804], [85.102483, 27.857628], [85.099906, 27.857907], [85.093747, 27.859427], [85.09131, 27.858079], [85.08987, 27.856069], [85.088221, 27.854692], [85.087111, 27.854071], [85.085944, 27.85401], [85.083762, 27.855283], [85.083064, 27.855405], [85.080539, 27.85471], [85.079292, 27.853945], [85.077628, 27.852308], [85.076471, 27.851769], [85.075618, 27.851761], [85.073958, 27.852111], [85.071678, 27.852914], [85.069198, 27.853617], [85.063319, 27.855936], [85.060972, 27.857268], [85.059959, 27.857441], [85.058943, 27.857132], [85.058072, 27.856555], [85.057099, 27.855362], [85.055191, 27.853516], [85.052018, 27.852561], [85.050378, 27.85232], [85.046903, 27.851163], [85.043956, 27.851092], [85.042972, 27.851732], [85.042426, 27.853021], [85.041947, 27.853344], [85.04093, 27.853145], [85.03994, 27.852748], [85.039171, 27.852835], [85.03779, 27.853311], [85.03407, 27.853127], [85.033136, 27.85282], [85.032801, 27.852493], [85.032637, 27.851995], [85.032403, 27.850318], [85.031011, 27.8489], [85.029649, 27.848064], [85.028305, 27.847538], [85.022845, 27.844426], [85.022276, 27.84403], [85.021627, 27.843154], [85.021566, 27.842391], [85.021819, 27.841946], [85.022527, 27.841615], [85.023415, 27.840851], [85.023749, 27.838654], [85.023879, 27.836345], [85.023821, 27.834468], [85.023545, 27.833336], [85.02226, 27.831158], [85.022051, 27.82968], [85.021848, 27.829086], [85.020982, 27.827671], [85.019648, 27.825877], [85.019267, 27.824072], [85.01876, 27.822397], [85.018683, 27.82149], [85.018511, 27.820976], [85.017987, 27.820136], [85.017757, 27.819351], [85.01709, 27.818698], [85.016454, 27.818332], [85.015896, 27.817664], [85.014971, 27.815347], [85.013798, 27.813761], [85.013325, 27.811924], [85.013431, 27.811122], [85.013692, 27.810644], [85.014171, 27.810337], [85.015973, 27.810428], [85.016277, 27.810167], [85.016233, 27.809848], [85.01603, 27.809573], [85.015368, 27.809341], [85.015202, 27.809181], [85.01512, 27.80812], [85.014559, 27.807204], [85.013376, 27.806541], [85.01145, 27.805883], [85.009357, 27.804916], [85.006891, 27.804339], [85.005693, 27.803911], [85.003133, 27.801303], [85.000972, 27.800491], [84.998941, 27.800955], [84.997613, 27.80159], [84.996503, 27.802303], [84.995007, 27.802887], [84.994139, 27.802767], [84.992194, 27.802203], [84.990924, 27.802447], [84.988924, 27.804283], [84.988074, 27.804673], [84.987073, 27.804508], [84.984374, 27.803603], [84.983431, 27.802754], [84.981792, 27.801811], [84.980518, 27.801827], [84.977599, 27.800665], [84.976026, 27.800536], [84.973182, 27.801258], [84.972122, 27.801649], [84.971427, 27.802437], [84.971188, 27.80324], [84.971205, 27.803552], [84.971501, 27.804027], [84.971442, 27.804358], [84.971087, 27.804854], [84.970711, 27.80503], [84.969407, 27.806174], [84.968738, 27.8085], [84.968229, 27.809631], [84.967658, 27.810062], [84.965726, 27.810061], [84.964789, 27.810683], [84.964371, 27.81111], [84.964243, 27.811996], [84.96295, 27.813905], [84.962556, 27.815101], [84.961803, 27.81603], [84.959802, 27.817135], [84.958744, 27.817418], [84.956918, 27.817018], [84.954222, 27.8154], [84.952561, 27.814796], [84.951474, 27.814964], [84.949722, 27.815878], [84.948617, 27.815562], [84.947782, 27.814832], [84.946135, 27.812383], [84.945643, 27.811965], [84.944119, 27.811373], [84.943833, 27.811093], [84.943198, 27.808923], [84.941779, 27.807073], [84.940787, 27.805465], [84.939775, 27.804323], [84.938798, 27.804211], [84.937283, 27.804508], [84.936652, 27.804484], [84.936034, 27.804275], [84.933454, 27.802622], [84.931576, 27.80112], [84.930826, 27.80089], [84.929979, 27.800052], [84.927834, 27.79865], [84.925254, 27.797524], [84.92413, 27.797192], [84.922867, 27.797044], [84.920342, 27.797848], [84.918132, 27.799621], [84.917167, 27.800193], [84.916479, 27.800368], [84.914395, 27.801729], [84.913294, 27.803714], [84.912982, 27.804079], [84.912516, 27.80435], [84.911955, 27.804502], [84.908577, 27.803349], [84.906894, 27.803356], [84.906628, 27.803636], [84.906516, 27.803952], [84.906737, 27.805055], [84.906478, 27.805669], [84.906141, 27.806128], [84.904816, 27.807019], [84.904156, 27.807035], [84.901864, 27.80592], [84.899961, 27.805725], [84.893326, 27.807685], [84.892004, 27.807657], [84.891147, 27.807868], [84.890482, 27.808389], [84.889332, 27.808888], [84.888298, 27.809031], [84.886919, 27.808928], [84.885237, 27.807845], [84.884724, 27.80774], [84.882533, 27.80826], [84.881746, 27.809235], [84.881083, 27.809361], [84.879561, 27.808427], [84.878641, 27.808142], [84.877575, 27.807953], [84.875054, 27.807821], [84.87278, 27.806772], [84.872209, 27.806348], [84.872236, 27.805873], [84.87273, 27.805317], [84.873767, 27.804536], [84.873749, 27.804305], [84.872858, 27.803265], [84.871146, 27.802177], [84.870054, 27.801696], [84.868812, 27.801361], [84.867556, 27.801397], [84.865356, 27.801046], [84.863917, 27.801575], [84.862569, 27.803459], [84.862078, 27.80398], [84.861929, 27.804427], [84.861005, 27.805705], [84.859831, 27.80643], [84.85834, 27.806898], [84.856192, 27.807027], [84.853081, 27.807832], [84.85088, 27.808148], [84.85019, 27.80813], [84.849325, 27.807686], [84.84921, 27.80648], [84.848769, 27.804949], [84.848096, 27.804228], [84.84685, 27.803309], [84.844081, 27.801824], [84.842711, 27.801499], [84.83984, 27.801311], [84.839011, 27.801596], [84.837106, 27.804215], [84.835167, 27.805937], [84.834953, 27.805853], [84.833567, 27.804384], [84.832396, 27.802911], [84.830817, 27.804032], [84.831755, 27.805479], [84.833131, 27.806878], [84.833111, 27.8072], [84.827272, 27.80942], [84.82531, 27.811197], [84.824754, 27.811863], [84.825043, 27.813491], [84.831208, 27.814065], [84.832357, 27.813034], [84.833455, 27.812424], [84.833634, 27.81253], [84.833685, 27.812731], [84.833265, 27.813914], [84.831769, 27.815878], [84.829829, 27.817362], [84.826458, 27.818036], [84.824165, 27.817024], [84.822556, 27.812988], [84.823164, 27.810826], [84.823528, 27.808644], [84.821844, 27.806947], [84.818267, 27.806497], [84.816692, 27.808084], [84.816122, 27.809626], [84.814921, 27.811481], [84.813217, 27.813055], [84.808076, 27.816391], [84.806389, 27.815851], [84.804014, 27.81427], [84.802657, 27.814424], [84.799014, 27.813895], [84.795721, 27.812705], [84.791242, 27.811798], [84.78946, 27.812969], [84.78745, 27.813976], [84.785508, 27.813198], [84.782427, 27.812905], [84.779636, 27.811548], [84.777664, 27.809523], [84.77602, 27.808202], [84.773287, 27.807919], [84.770585, 27.808735], [84.768724, 27.810471], [84.768036, 27.812609], [84.768441, 27.814851], [84.766768, 27.816686], [84.763731, 27.817543], [84.761195, 27.816838], [84.75961, 27.814759], [84.757442, 27.811601], [84.756992, 27.80904], [84.754954, 27.806529], [84.753423, 27.805019], [84.751023, 27.80378], [84.749601, 27.802902], [84.748722, 27.802128], [84.748684, 27.801863], [84.749325, 27.800606], [84.744249, 27.799425], [84.742079, 27.800921], [84.73904, 27.799436], [84.739171, 27.800918], [84.740533, 27.802563], [84.742021, 27.802921], [84.742528, 27.802942], [84.742715, 27.803176], [84.74257, 27.803438], [84.742065, 27.803542], [84.739298, 27.803488], [84.738657, 27.803072], [84.738001, 27.801907], [84.738271, 27.800044], [84.737786, 27.798312], [84.735765, 27.796622], [84.732958, 27.795258], [84.729874, 27.79515], [84.727436, 27.797459], [84.726077, 27.79923], [84.724937, 27.799823], [84.721107, 27.800869], [84.72017, 27.801851], [84.718981, 27.802338], [84.717999, 27.802141], [84.716531, 27.801173], [84.713775, 27.799698], [84.710394, 27.799594], [84.707508, 27.801551], [84.705995, 27.804095], [84.704594, 27.80475], [84.702787, 27.806189], [84.699665, 27.806518], [84.696767, 27.806589], [84.695499, 27.806065], [84.695402, 27.805885], [84.695429, 27.805523], [84.69415, 27.80571], [84.694239, 27.806278], [84.695204, 27.807244], [84.695251, 27.807499], [84.693069, 27.808774], [84.691437, 27.808619], [84.688872, 27.809291], [84.686156, 27.809485], [84.683791, 27.809894], [84.679374, 27.813092], [84.677961, 27.813829], [84.676037, 27.815149], [84.672633, 27.81617], [84.670665, 27.816428], [84.668603, 27.815451], [84.668667, 27.817221], [84.6667, 27.818105], [84.666273, 27.819261], [84.666407, 27.820845], [84.666953, 27.8219], [84.666419, 27.823036], [84.665653, 27.824165], [84.665445, 27.824187], [84.66473, 27.823891], [84.664386, 27.824273], [84.664673, 27.824769], [84.664386, 27.825203], [84.661502, 27.827298], [84.659948, 27.829432], [84.660182, 27.831048], [84.660882, 27.832725], [84.661924, 27.834301], [84.662948, 27.836527], [84.663193, 27.840672], [84.661553, 27.842292], [84.661045, 27.844561], [84.660936, 27.846439], [84.660427, 27.848551], [84.659208, 27.85016], [84.657075, 27.85148], [84.653512, 27.852044], [84.649769, 27.852099], [84.647336, 27.852833], [84.646408, 27.853529], [84.646102, 27.85529], [84.647937, 27.85728], [84.648826, 27.858839], [84.648724, 27.859091], [84.647461, 27.859885], [84.646256, 27.860017], [84.641832, 27.859324], [84.640167, 27.859295], [84.635099, 27.859733], [84.632793, 27.862033], [84.632492, 27.863508], [84.632678, 27.867335], [84.632642, 27.868594], [84.628623, 27.87016], [84.626438, 27.872027], [84.625383, 27.874157], [84.624063, 27.876041], [84.622841, 27.876798], [84.620542, 27.877536], [84.619358, 27.87906], [84.618292, 27.878736], [84.617577, 27.877962], [84.615831, 27.876581], [84.615428, 27.875011], [84.615131, 27.873086], [84.613813, 27.872171], [84.611343, 27.871289], [84.607455, 27.870924], [84.605295, 27.871423], [84.604334, 27.871998], [84.603505, 27.874225], [84.602474, 27.875073], [84.600748, 27.875803], [84.598291, 27.875743], [84.596869, 27.875479], [84.595046, 27.875925], [84.593717, 27.876797], [84.592363, 27.878241], [84.590624, 27.879234], [84.589525, 27.879044], [84.58731, 27.877923], [84.584808, 27.875928], [84.580984, 27.873613], [84.57784, 27.871332], [84.577125, 27.87011], [84.5774, 27.868281], [84.578009, 27.866087], [84.577649, 27.864147], [84.575121, 27.862101], [84.571687, 27.860244], [84.567384, 27.858309], [84.560131, 27.857612], [84.559053, 27.856666], [84.557653, 27.854002], [84.557886, 27.850632], [84.558837, 27.847702], [84.557643, 27.848441], [84.556887, 27.849961], [84.556412, 27.851248], [84.556439, 27.853648], [84.556736, 27.85485], [84.557009, 27.856952], [84.557784, 27.857796], [84.557904, 27.858616], [84.557722, 27.85888], [84.556395, 27.859197]], [[84.744669, 27.803436], [84.744585, 27.803201], [84.744731, 27.802997], [84.745518, 27.80298], [84.7488, 27.803546], [84.749112, 27.804007], [84.748878, 27.804249], [84.746999, 27.804308], [84.745129, 27.803831], [84.744669, 27.803436]]]}}, {"type": "Feature", "properties": {"source": "Copernicus EMS EMSR927 AOI01", "event_type": "6-Mass Movement", "description": "Landslide", "detection_method": "Photo-interpretation", "area_ha": 111.07795, "layer": "copernicus_observed"}, "geometry": {"type": "MultiPolygon", "coordinates": [[[[85.326951, 28.155861], [85.327005, 28.155834], [85.327072, 28.155834], [85.327154, 28.15585], [85.327215, 28.155872], [85.327262, 28.155848], [85.327308, 28.155811], [85.32736, 28.155784], [85.32741, 28.155744], [85.327461, 28.155674], [85.327498, 28.15563], [85.327539, 28.155601], [85.327582, 28.155565], [85.327638, 28.15554], [85.327659, 28.155502], [85.327718, 28.155505], [85.327749, 28.155477], [85.327799, 28.155463], [85.327869, 28.155492], [85.327917, 28.155539], [85.327957, 28.155568], [85.327997, 28.155584], [85.328046, 28.155595], [85.328045, 28.155651], [85.328048, 28.155693], [85.328072, 28.155724], [85.328068, 28.155809], [85.328075, 28.15584], [85.328108, 28.155867], [85.328133, 28.15584], [85.328149, 28.155802], [85.328139, 28.15576], [85.32817, 28.155752], [85.328199, 28.155732], [85.328206, 28.155703], [85.328204, 28.155682], [85.328195, 28.155646], [85.328214, 28.155627], [85.328235, 28.155602], [85.32825, 28.155577], [85.32824, 28.155561], [85.32821, 28.155556], [85.328214, 28.155526], [85.328194, 28.15547], [85.328213, 28.155436], [85.328228, 28.155401], [85.328233, 28.155375], [85.328243, 28.155327], [85.328263, 28.155255], [85.328292, 28.155223], [85.328297, 28.155192], [85.328322, 28.155187], [85.328352, 28.155157], [85.328384, 28.155143], [85.328369, 28.155175], [85.328406, 28.155208], [85.328372, 28.155215], [85.328347, 28.155214], [85.328359, 28.155249], [85.328379, 28.15529], [85.328423, 28.155329], [85.328472, 28.155379], [85.32852, 28.155403], [85.328547, 28.155418], [85.328517, 28.155453], [85.328508, 28.15551], [85.328542, 28.155571], [85.328585, 28.155606], [85.328604, 28.155636], [85.328603, 28.155663], [85.328642, 28.155684], [85.32871, 28.155708], [85.328781, 28.155784], [85.328821, 28.155831], [85.328867, 28.155864], [85.328901, 28.1559], [85.328908, 28.15594], [85.328932, 28.155975], [85.328951, 28.155964], [85.328976, 28.155955], [85.328991, 28.155991], [85.329001, 28.156032], [85.329015, 28.156055], [85.329041, 28.156053], [85.329047, 28.156123], [85.32913, 28.156172], [85.329165, 28.156261], [85.329167, 28.156328], [85.329328, 28.15632], [85.32939, 28.156279], [85.329444, 28.156267], [85.329526, 28.156252], [85.329563, 28.156247], [85.32961, 28.156247], [85.329661, 28.156273], [85.329727, 28.156269], [85.329808, 28.156274], [85.329892, 28.156306], [85.329946, 28.15633], [85.329959, 28.156388], [85.330005, 28.156418], [85.33013, 28.156412], [85.330227, 28.156396], [85.330307, 28.156395], [85.330372, 28.156414], [85.330418, 28.156439], [85.330435, 28.156487], [85.330464, 28.156532], [85.330501, 28.156605], [85.330537, 28.156651], [85.330583, 28.156677], [85.330592, 28.156728], [85.3306, 28.156805], [85.33061, 28.156904], [85.33064, 28.15694], [85.330646, 28.156979], [85.330637, 28.157033], [85.330671, 28.157113], [85.330665, 28.157176], [85.330687, 28.157202], [85.330708, 28.157211], [85.330709, 28.157257], [85.330682, 28.157302], [85.330696, 28.157354], [85.330756, 28.157368], [85.330873, 28.15737], [85.330967, 28.157367], [85.331038, 28.157359], [85.331091, 28.15735], [85.331141, 28.157358], [85.331176, 28.157359], [85.331246, 28.157376], [85.331306, 28.157407], [85.331352, 28.157437], [85.3314, 28.157442], [85.331425, 28.157469], [85.331467, 28.157481], [85.331504, 28.1575], [85.331568, 28.157533], [85.33163, 28.157578], [85.331608, 28.157602], [85.331632, 28.157605], [85.331638, 28.157628], [85.331637, 28.157656], [85.331625, 28.157698], [85.331546, 28.15769], [85.331537, 28.157628], [85.331499, 28.157642], [85.331429, 28.157658], [85.331429, 28.157691], [85.331491, 28.157712], [85.33151, 28.1577], [85.331544, 28.157728], [85.331518, 28.157735], [85.331511, 28.157787], [85.331467, 28.157869], [85.331512, 28.157822], [85.331565, 28.157795], [85.331525, 28.157859], [85.331506, 28.157905], [85.331543, 28.157917], [85.331616, 28.157798], [85.33163, 28.157791], [85.331675, 28.15779], [85.331719, 28.157794], [85.331688, 28.157842], [85.331707, 28.157896], [85.331744, 28.157954], [85.331741, 28.158009], [85.331748, 28.158086], [85.331781, 28.158142], [85.331761, 28.158185], [85.331766, 28.158217], [85.331752, 28.158247], [85.331738, 28.158218], [85.331714, 28.158201], [85.331707, 28.158182], [85.331675, 28.158178], [85.331666, 28.158206], [85.331697, 28.158243], [85.331681, 28.158266], [85.331698, 28.158296], [85.331725, 28.158294], [85.331748, 28.1583], [85.331775, 28.158289], [85.331782, 28.158311], [85.331812, 28.158346], [85.331829, 28.158323], [85.331862, 28.158314], [85.33189, 28.158329], [85.331906, 28.158367], [85.331918, 28.158444], [85.33188, 28.158457], [85.331895, 28.158507], [85.331904, 28.158548], [85.331957, 28.158551], [85.331983, 28.158535], [85.332005, 28.158558], [85.332019, 28.158556], [85.332028, 28.158529], [85.33206, 28.158523], [85.332084, 28.15854], [85.332114, 28.158521], [85.332135, 28.15855], [85.332139, 28.158591], [85.33227, 28.158632], [85.332301, 28.158612], [85.332314, 28.158643], [85.332408, 28.158737], [85.33251, 28.158791], [85.332573, 28.158742], [85.332623, 28.158724], [85.332799, 28.158811], [85.332855, 28.158838], [85.332906, 28.158865], [85.332919, 28.158894], [85.332905, 28.158927], [85.332887, 28.158958], [85.332871, 28.158981], [85.332862, 28.159011], [85.332866, 28.159072], [85.332854, 28.159103], [85.332875, 28.159113], [85.332898, 28.159116], [85.332935, 28.15913], [85.332965, 28.159178], [85.332997, 28.1592], [85.33303, 28.159222], [85.333148, 28.15919], [85.333235, 28.159227], [85.333295, 28.159242], [85.333376, 28.15924], [85.333437, 28.159213], [85.333493, 28.159212], [85.333498, 28.15925], [85.333539, 28.159272], [85.333599, 28.15927], [85.33365, 28.159296], [85.333732, 28.159292], [85.333791, 28.159339], [85.333857, 28.159359], [85.333928, 28.15936], [85.333993, 28.159348], [85.334113, 28.159343], [85.334273, 28.159364], [85.334349, 28.159396], [85.334389, 28.159434], [85.334449, 28.159452], [85.334483, 28.159494], [85.334529, 28.159568], [85.334592, 28.159638], [85.334666, 28.159693], [85.334695, 28.159731], [85.334702, 28.159782], [85.334726, 28.159826], [85.334744, 28.159838], [85.334765, 28.159861], [85.334783, 28.159899], [85.334855, 28.159943], [85.334887, 28.159988], [85.334874, 28.160025], [85.334868, 28.16009], [85.334862, 28.160131], [85.3349, 28.160172], [85.334939, 28.160172], [85.334987, 28.16017], [85.335002, 28.160212], [85.33498, 28.160257], [85.33502, 28.160302], [85.33504, 28.160358], [85.335044, 28.160389], [85.335063, 28.160405], [85.335063, 28.160434], [85.33504, 28.160563], [85.335062, 28.16059], [85.335057, 28.160617], [85.335048, 28.160651], [85.335063, 28.160679], [85.335059, 28.160727], [85.335081, 28.160737], [85.335123, 28.160781], [85.335121, 28.160823], [85.335173, 28.160876], [85.335148, 28.160905], [85.335184, 28.160918], [85.335248, 28.160914], [85.335263, 28.160962], [85.335226, 28.161014], [85.335234, 28.161055], [85.335312, 28.161082], [85.335282, 28.161116], [85.335341, 28.161176], [85.335372, 28.16124], [85.335365, 28.161282], [85.335364, 28.161338], [85.335374, 28.161412], [85.335519, 28.161569], [85.335721, 28.161777], [85.335756, 28.161838], [85.335822, 28.161876], [85.335908, 28.161919], [85.336041, 28.161999], [85.336082, 28.162057], [85.33605, 28.16203], [85.336025, 28.162086], [85.336037, 28.162129], [85.336088, 28.162112], [85.336124, 28.162134], [85.336165, 28.162192], [85.336161, 28.162247], [85.336162, 28.162295], [85.3362, 28.16231], [85.336217, 28.162283], [85.336219, 28.162262], [85.336233, 28.16225], [85.336232, 28.162236], [85.336257, 28.162228], [85.336278, 28.162239], [85.336295, 28.162245], [85.336313, 28.162222], [85.336354, 28.162204], [85.336368, 28.162223], [85.336402, 28.162256], [85.336412, 28.16227], [85.336399, 28.162277], [85.336382, 28.162292], [85.336397, 28.162306], [85.336417, 28.162312], [85.336438, 28.162328], [85.336459, 28.162335], [85.336523, 28.162411], [85.336502, 28.162439], [85.336465, 28.162455], [85.336434, 28.162468], [85.336428, 28.162492], [85.336406, 28.16252], [85.336354, 28.162522], [85.336326, 28.162494], [85.336312, 28.162458], [85.336274, 28.162434], [85.336258, 28.162374], [85.336219, 28.162344], [85.336169, 28.162341], [85.3362, 28.162398], [85.336241, 28.162409], [85.336251, 28.162474], [85.336288, 28.162514], [85.336268, 28.162558], [85.336254, 28.162583], [85.336212, 28.162572], [85.336222, 28.162634], [85.336269, 28.162603], [85.336282, 28.16262], [85.336299, 28.162603], [85.33632, 28.162568], [85.336343, 28.162595], [85.336326, 28.162631], [85.336311, 28.16264], [85.336325, 28.162658], [85.336356, 28.162672], [85.33635, 28.162714], [85.336377, 28.162748], [85.336464, 28.162739], [85.336547, 28.162738], [85.336568, 28.162778], [85.336513, 28.162799], [85.336469, 28.162822], [85.336485, 28.162882], [85.3365, 28.162938], [85.336543, 28.162922], [85.336569, 28.162942], [85.336543, 28.162962], [85.33656, 28.162973], [85.336591, 28.162972], [85.336608, 28.162993], [85.336598, 28.163011], [85.336547, 28.163069], [85.336558, 28.163113], [85.336573, 28.163192], [85.33664, 28.163336], [85.336658, 28.163468], [85.336655, 28.163557], [85.336688, 28.163573], [85.336678, 28.163611], [85.336671, 28.163646], [85.336655, 28.163664], [85.336639, 28.163695], [85.336638, 28.163755], [85.336629, 28.163807], [85.336642, 28.163861], [85.33671, 28.1639], [85.336758, 28.163875], [85.336831, 28.163887], [85.336847, 28.163967], [85.336867, 28.163974], [85.336889, 28.163993], [85.33696, 28.163959], [85.337053, 28.164143], [85.337068, 28.164205], [85.337085, 28.164234], [85.337115, 28.164311], [85.337216, 28.164463], [85.337249, 28.164467], [85.337306, 28.164489], [85.337384, 28.164556], [85.337447, 28.164623], [85.337392, 28.164642], [85.337587, 28.164664], [85.337731, 28.164658], [85.337805, 28.164655], [85.337806, 28.164625], [85.337816, 28.164595], [85.337884, 28.164633], [85.337974, 28.164632], [85.33805, 28.164643], [85.3381, 28.164693], [85.338102, 28.164718], [85.338187, 28.164756], [85.338257, 28.164806], [85.338333, 28.164861], [85.338375, 28.16495], [85.338487, 28.164986], [85.338461, 28.164962], [85.33846, 28.164936], [85.338527, 28.164952], [85.338586, 28.164967], [85.338639, 28.165019], [85.338739, 28.165022], [85.338814, 28.165006], [85.338894, 28.165025], [85.338921, 28.165076], [85.338971, 28.165057], [85.339022, 28.165041], [85.339025, 28.165023], [85.339119, 28.165024], [85.339297, 28.165056], [85.33938, 28.165054], [85.339427, 28.165069], [85.339485, 28.165095], [85.339543, 28.1651], [85.339603, 28.165082], [85.339688, 28.165087], [85.339732, 28.165093], [85.339767, 28.165077], [85.339786, 28.165059], [85.339834, 28.165057], [85.339883, 28.165051], [85.339921, 28.16504], [85.339969, 28.165034], [85.340021, 28.165018], [85.340098, 28.165044], [85.340174, 28.165074], [85.340265, 28.165072], [85.340344, 28.165018], [85.340446, 28.165024], [85.340475, 28.165071], [85.3405, 28.165118], [85.340502, 28.165162], [85.340543, 28.165198], [85.340553, 28.165243], [85.340568, 28.165314], [85.340618, 28.165326], [85.340657, 28.165313], [85.340689, 28.165347], [85.340701, 28.1654], [85.340729, 28.165424], [85.340799, 28.165464], [85.340823, 28.165501], [85.340864, 28.165507], [85.340879, 28.165532], [85.340903, 28.165544], [85.34094, 28.165545], [85.340971, 28.165552], [85.340997, 28.165578], [85.341036, 28.165588], [85.341052, 28.165635], [85.341096, 28.165662], [85.341131, 28.165687], [85.34119, 28.165674], [85.341262, 28.165705], [85.341323, 28.165779], [85.341328, 28.165818], [85.341264, 28.165797], [85.341213, 28.165779], [85.341087, 28.165724], [85.341046, 28.165785], [85.341039, 28.165815], [85.340988, 28.165809], [85.340919, 28.165771], [85.340898, 28.165758], [85.340884, 28.16579], [85.340871, 28.165819], [85.34088, 28.165857], [85.34091, 28.165899], [85.340967, 28.166002], [85.340945, 28.166037], [85.340922, 28.166106], [85.340895, 28.166172], [85.340933, 28.166235], [85.340898, 28.166276], [85.340698, 28.166314], [85.34068, 28.16638], [85.340764, 28.166477], [85.340791, 28.166552], [85.340823, 28.166587], [85.340852, 28.166637], [85.340905, 28.166665], [85.340901, 28.166697], [85.340881, 28.166729], [85.340842, 28.166758], [85.340915, 28.166818], [85.341001, 28.166856], [85.341002, 28.166821], [85.340954, 28.166777], [85.341022, 28.166768], [85.341101, 28.166811], [85.341119, 28.166884], [85.341111, 28.166925], [85.341156, 28.166996], [85.341233, 28.167036], [85.341313, 28.167049], [85.341361, 28.167128], [85.341401, 28.167195], [85.341381, 28.167237], [85.341411, 28.167282], [85.341392, 28.167366], [85.341404, 28.167441], [85.341508, 28.167449], [85.341488, 28.167504], [85.341444, 28.167529], [85.341461, 28.167595], [85.341483, 28.167674], [85.341484, 28.167747], [85.3415, 28.167837], [85.34145, 28.16791], [85.341427, 28.167977], [85.341452, 28.168023], [85.341502, 28.168068], [85.341453, 28.168091], [85.341417, 28.168089], [85.341427, 28.168203], [85.341451, 28.168293], [85.341402, 28.168344], [85.341438, 28.168384], [85.341497, 28.168381], [85.341537, 28.168458], [85.341579, 28.168505], [85.34156, 28.168558], [85.34154, 28.168623], [85.341526, 28.168719], [85.341525, 28.168794], [85.341532, 28.168823], [85.341543, 28.168854], [85.341563, 28.168889], [85.34158, 28.168909], [85.341578, 28.168938], [85.341552, 28.168975], [85.34152, 28.169016], [85.341518, 28.169066], [85.341529, 28.169096], [85.341556, 28.169111], [85.341555, 28.169139], [85.341519, 28.169144], [85.341521, 28.169164], [85.341542, 28.169198], [85.341512, 28.169227], [85.341519, 28.16926], [85.341568, 28.16928], [85.341654, 28.16931], [85.341629, 28.169359], [85.341637, 28.1694], [85.341555, 28.16947], [85.341516, 28.169539], [85.341455, 28.169561], [85.341547, 28.169615], [85.341573, 28.169676], [85.341634, 28.169726], [85.341641, 28.169782], [85.341667, 28.169859], [85.341693, 28.169884], [85.341675, 28.16993], [85.341659, 28.169977], [85.341684, 28.170039], [85.341696, 28.17007], [85.341702, 28.170107], [85.341714, 28.170143], [85.341722, 28.170189], [85.341748, 28.170206], [85.341756, 28.170226], [85.34174, 28.170263], [85.341749, 28.170276], [85.341761, 28.170319], [85.341739, 28.17035], [85.341704, 28.17036], [85.341738, 28.170401], [85.341791, 28.170442], [85.34179, 28.170528], [85.34181, 28.170574], [85.341821, 28.170615], [85.341809, 28.170649], [85.34181, 28.170681], [85.341818, 28.170717], [85.341792, 28.170746], [85.341796, 28.170819], [85.341845, 28.170897], [85.341899, 28.170949], [85.341855, 28.171032], [85.341866, 28.171112], [85.341773, 28.171153], [85.341839, 28.171242], [85.341835, 28.171351], [85.34183, 28.17144], [85.341842, 28.171567], [85.341888, 28.171601], [85.341871, 28.171662], [85.34184, 28.17172], [85.341796, 28.171762], [85.341801, 28.171808], [85.341807, 28.171871], [85.341872, 28.171944], [85.341846, 28.172027], [85.341856, 28.172075], [85.341877, 28.172135], [85.34185, 28.172196], [85.341883, 28.172242], [85.341924, 28.172281], [85.341971, 28.172297], [85.341957, 28.17238], [85.341946, 28.17243], [85.341914, 28.172445], [85.341848, 28.17249], [85.341828, 28.17256], [85.341862, 28.172592], [85.341872, 28.172626], [85.341863, 28.17267], [85.341851, 28.172715], [85.34187, 28.172769], [85.341839, 28.172798], [85.341806, 28.172821], [85.341799, 28.172853], [85.341824, 28.17286], [85.341844, 28.172866], [85.341838, 28.1729], [85.341842, 28.172961], [85.341858, 28.172989], [85.341911, 28.172997], [85.341968, 28.173019], [85.341961, 28.173048], [85.341938, 28.173067], [85.341949, 28.173096], [85.341977, 28.173098], [85.341992, 28.173158], [85.341999, 28.173199], [85.341992, 28.173269], [85.341983, 28.173296], [85.341947, 28.173321], [85.341968, 28.173347], [85.341986, 28.173365], [85.341959, 28.17338], [85.341919, 28.173385], [85.341915, 28.173437], [85.341922, 28.173463], [85.341935, 28.173514], [85.341957, 28.173552], [85.341956, 28.173605], [85.341968, 28.173646], [85.341984, 28.173674], [85.341996, 28.173741], [85.341976, 28.173777], [85.341973, 28.173802], [85.34195, 28.173837], [85.341939, 28.173861], [85.341947, 28.173901], [85.341939, 28.173969], [85.341929, 28.174063], [85.341899, 28.174111], [85.341871, 28.174122], [85.341841, 28.174147], [85.341849, 28.174172], [85.341873, 28.174187], [85.341908, 28.174211], [85.341889, 28.174263], [85.341875, 28.174282], [85.341874, 28.174312], [85.341878, 28.174335], [85.341871, 28.174396], [85.341874, 28.174437], [85.341867, 28.174466], [85.341869, 28.174499], [85.341871, 28.174541], [85.34189, 28.174565], [85.341916, 28.174594], [85.341879, 28.174628], [85.341886, 28.174664], [85.341875, 28.174702], [85.34192, 28.174757], [85.34194, 28.174818], [85.341977, 28.174842], [85.341903, 28.174887], [85.341897, 28.174918], [85.341882, 28.175008], [85.341868, 28.175059], [85.341853, 28.175111], [85.341837, 28.175146], [85.341825, 28.175181], [85.341801, 28.175207], [85.341829, 28.175242], [85.34185, 28.175293], [85.341822, 28.175305], [85.341818, 28.175328], [85.341832, 28.175357], [85.341869, 28.175362], [85.341888, 28.17539], [85.341871, 28.175437], [85.341809, 28.17552], [85.341788, 28.175515], [85.341756, 28.175523], [85.341745, 28.175551], [85.341741, 28.175602], [85.34171, 28.175545], [85.341666, 28.175518], [85.341655, 28.175593], [85.341673, 28.175666], [85.341682, 28.175723], [85.341691, 28.17577], [85.341683, 28.175821], [85.341732, 28.175856], [85.341823, 28.175866], [85.341861, 28.175905], [85.341811, 28.17595], [85.341744, 28.176036], [85.341726, 28.176091], [85.341697, 28.176116], [85.341694, 28.176141], [85.341672, 28.176177], [85.341628, 28.176185], [85.341617, 28.176205], [85.341666, 28.176228], [85.341702, 28.17622], [85.341729, 28.17622], [85.341751, 28.176249], [85.341788, 28.176293], [85.341839, 28.176331], [85.341897, 28.176341], [85.341934, 28.176369], [85.341923, 28.17641], [85.341915, 28.176446], [85.34193, 28.176491], [85.341945, 28.176529], [85.341941, 28.176582], [85.34194, 28.176626], [85.341946, 28.176691], [85.341961, 28.176731], [85.341972, 28.176795], [85.341963, 28.176855], [85.341982, 28.176896], [85.341984, 28.176937], [85.341987, 28.176979], [85.341976, 28.177022], [85.342015, 28.177029], [85.342046, 28.177057], [85.342046, 28.177076], [85.342044, 28.177138], [85.34202, 28.177161], [85.341992, 28.177175], [85.342025, 28.177197], [85.342058, 28.177244], [85.342054, 28.177284], [85.341996, 28.177294], [85.341998, 28.177352], [85.342028, 28.177376], [85.342033, 28.177419], [85.34206, 28.177417], [85.342094, 28.177404], [85.342127, 28.177385], [85.342162, 28.177417], [85.342198, 28.177448], [85.342214, 28.177496], [85.342173, 28.177512], [85.342089, 28.177516], [85.342048, 28.177528], [85.342049, 28.177579], [85.342063, 28.177631], [85.34204, 28.177657], [85.342058, 28.177697], [85.342076, 28.177745], [85.342053, 28.177792], [85.342018, 28.177869], [85.34202, 28.177954], [85.342049, 28.177991], [85.342119, 28.177988], [85.34216, 28.17803], [85.342174, 28.178051], [85.342149, 28.178064], [85.342118, 28.17805], [85.34208, 28.178036], [85.342076, 28.178063], [85.342114, 28.178068], [85.342089, 28.178107], [85.34207, 28.178143], [85.342052, 28.178181], [85.342122, 28.178209], [85.342136, 28.178247], [85.342132, 28.178267], [85.342115, 28.1783], [85.342094, 28.178312], [85.342071, 28.178298], [85.342044, 28.17828], [85.342019, 28.178294], [85.342004, 28.178341], [85.341996, 28.178378], [85.341981, 28.178451], [85.342002, 28.178491], [85.342038, 28.17847], [85.342079, 28.178475], [85.3421, 28.178501], [85.342072, 28.178561], [85.342046, 28.178565], [85.342016, 28.178542], [85.341973, 28.178552], [85.341965, 28.178569], [85.341976, 28.178594], [85.342007, 28.178609], [85.342012, 28.178643], [85.342021, 28.178661], [85.342053, 28.178648], [85.342098, 28.178665], [85.3421, 28.178697], [85.342083, 28.178708], [85.342079, 28.178732], [85.342063, 28.178748], [85.342008, 28.178738], [85.342008, 28.178721], [85.342004, 28.178708], [85.341982, 28.178717], [85.341957, 28.178708], [85.341935, 28.178712], [85.34189, 28.178728], [85.341846, 28.17872], [85.34181, 28.178743], [85.341806, 28.178777], [85.341814, 28.178802], [85.341865, 28.178856], [85.341873, 28.178894], [85.341831, 28.178899], [85.341791, 28.178869], [85.341775, 28.178843], [85.341744, 28.178822], [85.341718, 28.178807], [85.341688, 28.178791], [85.341645, 28.178791], [85.341595, 28.178791], [85.341568, 28.178809], [85.341568, 28.17884], [85.341591, 28.178873], [85.341628, 28.178876], [85.341664, 28.178865], [85.341693, 28.178886], [85.341711, 28.178916], [85.341697, 28.178956], [85.341696, 28.178983], [85.341723, 28.17899], [85.341755, 28.17897], [85.341812, 28.178976], [85.341791, 28.17907], [85.341742, 28.179101], [85.341711, 28.179108], [85.341728, 28.179135], [85.341747, 28.179172], [85.341752, 28.17921], [85.341716, 28.179249], [85.341725, 28.179278], [85.341696, 28.1793], [85.341669, 28.179281], [85.341651, 28.179268], [85.341644, 28.179292], [85.341639, 28.179304], [85.341659, 28.179326], [85.341677, 28.179331], [85.341667, 28.179366], [85.341656, 28.17939], [85.34163, 28.179412], [85.341621, 28.179441], [85.341584, 28.179478], [85.341535, 28.179497], [85.341496, 28.179483], [85.341507, 28.179452], [85.341494, 28.179432], [85.34147, 28.179429], [85.341458, 28.179453], [85.341469, 28.179473], [85.341475, 28.179498], [85.341472, 28.179531], [85.341457, 28.179546], [85.341409, 28.179544], [85.341392, 28.179562], [85.341403, 28.179587], [85.341434, 28.179598], [85.341448, 28.179612], [85.341485, 28.179601], [85.341484, 28.179645], [85.34145, 28.179669], [85.341404, 28.179701], [85.34141, 28.179724], [85.341442, 28.179719], [85.341449, 28.179778], [85.341396, 28.179829], [85.341355, 28.179842], [85.341353, 28.179871], [85.341391, 28.179888], [85.341409, 28.179914], [85.341363, 28.179957], [85.341314, 28.179941], [85.341301, 28.179959], [85.341312, 28.180003], [85.34132, 28.180045], [85.34128, 28.180099], [85.341242, 28.18009], [85.341221, 28.180111], [85.341223, 28.180138], [85.341252, 28.180128], [85.341277, 28.180149], [85.341269, 28.180172], [85.341288, 28.180186], [85.341306, 28.180193], [85.341315, 28.180221], [85.341296, 28.180248], [85.341309, 28.180273], [85.341326, 28.180303], [85.341321, 28.180339], [85.341317, 28.180367], [85.341285, 28.180372], [85.341252, 28.180355], [85.34122, 28.180359], [85.341167, 28.180346], [85.341132, 28.180383], [85.341097, 28.180409], [85.341143, 28.180427], [85.341143, 28.180483], [85.341103, 28.180491], [85.341083, 28.180449], [85.341052, 28.180461], [85.341033, 28.180517], [85.341046, 28.180559], [85.340985, 28.180582], [85.34096, 28.180627], [85.340972, 28.180655], [85.340992, 28.180666], [85.340987, 28.180691], [85.34099, 28.180722], [85.340955, 28.180738], [85.340928, 28.180717], [85.340869, 28.180714], [85.340845, 28.180744], [85.340878, 28.180777], [85.340853, 28.180815], [85.340808, 28.180829], [85.340775, 28.180843], [85.340778, 28.180864], [85.340763, 28.180884], [85.340739, 28.18092], [85.340682, 28.180914], [85.340656, 28.180867], [85.340616, 28.180819], [85.340569, 28.180817], [85.340523, 28.180828], [85.341116, 28.182672], [85.341164, 28.182628], [85.341203, 28.182647], [85.341247, 28.182656], [85.34128, 28.182658], [85.34132, 28.182674], [85.34135, 28.182668], [85.341339, 28.182639], [85.34133, 28.182613], [85.341347, 28.182582], [85.341326, 28.182548], [85.341337, 28.182497], [85.341418, 28.182519], [85.341422, 28.182586], [85.341374, 28.182591], [85.341378, 28.182627], [85.341431, 28.182641], [85.341456, 28.182633], [85.341518, 28.182631], [85.341589, 28.182596], [85.341644, 28.182531], [85.341667, 28.182515], [85.341715, 28.182505], [85.341744, 28.18252], [85.341823, 28.182521], [85.341904, 28.182536], [85.342027, 28.182506], [85.342082, 28.182476], [85.342112, 28.182501], [85.34213, 28.182561], [85.342146, 28.182592], [85.342158, 28.182586], [85.342185, 28.182577], [85.342205, 28.182601], [85.342186, 28.182649], [85.342147, 28.182658], [85.34211, 28.18264], [85.342081, 28.182657], [85.342061, 28.182697], [85.342117, 28.182717], [85.342201, 28.182744], [85.342196, 28.182784], [85.342198, 28.182827], [85.342194, 28.182876], [85.342241, 28.182948], [85.342294, 28.182998], [85.342328, 28.183014], [85.342338, 28.183051], [85.342365, 28.183038], [85.342364, 28.183075], [85.342398, 28.183105], [85.342421, 28.183123], [85.342419, 28.183147], [85.342437, 28.183169], [85.342418, 28.183202], [85.342391, 28.183233], [85.342387, 28.18327], [85.342367, 28.183294], [85.342348, 28.183328], [85.342374, 28.18336], [85.34241, 28.183383], [85.342445, 28.183382], [85.342482, 28.183379], [85.342518, 28.183361], [85.342541, 28.183395], [85.342519, 28.183414], [85.342498, 28.183445], [85.342513, 28.183468], [85.342552, 28.183449], [85.342586, 28.183475], [85.342581, 28.183512], [85.34262, 28.183553], [85.342681, 28.183595], [85.342684, 28.183628], [85.342715, 28.183644], [85.342732, 28.183602], [85.342807, 28.183617], [85.34292, 28.183708], [85.342977, 28.183772], [85.343052, 28.183853], [85.343108, 28.183922], [85.343049, 28.183938], [85.343023, 28.183982], [85.343063, 28.18405], [85.343168, 28.184082], [85.343288, 28.184136], [85.343331, 28.184201], [85.343307, 28.184269], [85.343335, 28.184307], [85.343374, 28.184298], [85.343411, 28.184326], [85.343373, 28.184354], [85.343339, 28.184367], [85.343327, 28.184407], [85.343353, 28.184465], [85.343312, 28.184477], [85.343278, 28.184505], [85.343247, 28.184534], [85.343232, 28.184568], [85.343294, 28.184566], [85.343308, 28.184607], [85.343312, 28.184646], [85.343346, 28.184621], [85.343381, 28.184644], [85.34336, 28.184694], [85.343326, 28.184729], [85.34327, 28.184728], [85.34324, 28.184771], [85.343251, 28.184839], [85.343308, 28.184845], [85.343402, 28.184847], [85.343477, 28.184899], [85.343497, 28.184964], [85.343528, 28.184951], [85.343644, 28.185035], [85.343719, 28.185033], [85.34378, 28.185027], [85.343802, 28.185062], [85.343791, 28.185104], [85.343816, 28.185142], [85.343863, 28.185167], [85.343922, 28.18516], [85.343936, 28.185186], [85.343946, 28.185227], [85.343975, 28.185243], [85.343955, 28.185293], [85.343927, 28.185326], [85.343897, 28.185341], [85.343805, 28.185452], [85.343816, 28.185474], [85.343845, 28.185497], [85.343928, 28.18554], [85.343948, 28.185572], [85.343981, 28.18558], [85.343994, 28.185594], [85.344023, 28.185595], [85.343994, 28.185658], [85.34402, 28.185676], [85.344082, 28.185664], [85.344175, 28.185725], [85.344181, 28.185792], [85.344152, 28.185816], [85.3441, 28.1858], [85.344024, 28.185802], [85.344004, 28.18584], [85.343987, 28.185868], [85.343954, 28.18587], [85.343925, 28.185881], [85.343954, 28.18589], [85.34397, 28.185914], [85.34399, 28.185926], [85.344038, 28.185917], [85.344082, 28.18595], [85.344085, 28.186019], [85.34419, 28.186107], [85.344282, 28.186135], [85.344309, 28.186221], [85.344319, 28.186275], [85.344308, 28.186311], [85.344318, 28.18635], [85.344282, 28.186359], [85.34432, 28.186402], [85.344366, 28.186407], [85.344392, 28.186373], [85.344391, 28.18634], [85.344432, 28.186324], [85.344472, 28.186323], [85.344518, 28.186347], [85.344523, 28.186383], [85.34456, 28.186354], [85.344598, 28.186344], [85.344621, 28.186369], [85.344647, 28.18638], [85.344658, 28.186409], [85.344646, 28.186448], [85.344667, 28.186489], [85.344703, 28.186521], [85.344737, 28.186509], [85.344751, 28.186537], [85.344768, 28.186567], [85.344785, 28.186576], [85.344829, 28.1866], [85.344794, 28.186629], [85.344763, 28.186619], [85.344743, 28.186665], [85.344765, 28.186752], [85.344779, 28.186806], [85.344782, 28.186853], [85.344759, 28.186878], [85.344807, 28.1869], [85.344826, 28.186878], [85.344844, 28.186845], [85.344878, 28.186858], [85.344879, 28.186896], [85.344901, 28.186923], [85.344931, 28.186932], [85.344966, 28.186927], [85.345017, 28.186909], [85.345039, 28.186955], [85.345014, 28.186961], [85.344994, 28.186947], [85.344992, 28.186973], [85.345, 28.187025], [85.345009, 28.187105], [85.345024, 28.187141], [85.345043, 28.187177], [85.345072, 28.187197], [85.34507, 28.187235], [85.345074, 28.187278], [85.345035, 28.18734], [85.345063, 28.187363], [85.345133, 28.187401], [85.345118, 28.187429], [85.345118, 28.187479], [85.345097, 28.18753], [85.34509, 28.187594], [85.345095, 28.187636], [85.345104, 28.187673], [85.345162, 28.187735], [85.34519, 28.187784], [85.345178, 28.187884], [85.34516, 28.187938], [85.345213, 28.187991], [85.345259, 28.188018], [85.345232, 28.188048], [85.345237, 28.188076], [85.345266, 28.188081], [85.345288, 28.188102], [85.345315, 28.188102], [85.345359, 28.188093], [85.345376, 28.188121], [85.345387, 28.188148], [85.347526, 28.18776], [85.347546, 28.187732], [85.347518, 28.187714], [85.347494, 28.187691], [85.347481, 28.187664], [85.347477, 28.187639], [85.347471, 28.187615], [85.347437, 28.187629], [85.347394, 28.187625], [85.347403, 28.187569], [85.347421, 28.187543], [85.34743, 28.187517], [85.34739, 28.187486], [85.347371, 28.187507], [85.347338, 28.187538], [85.347273, 28.187533], [85.347224, 28.187517], [85.347212, 28.187496], [85.347225, 28.187485], [85.347224, 28.187467], [85.347207, 28.187457], [85.347187, 28.187467], [85.347173, 28.18749], [85.347139, 28.1875], [85.3471, 28.187479], [85.347093, 28.187462], [85.347109, 28.187448], [85.347126, 28.187431], [85.347154, 28.187434], [85.347164, 28.187429], [85.347146, 28.187409], [85.347139, 28.187382], [85.347155, 28.187359], [85.347161, 28.187343], [85.347114, 28.187381], [85.347062, 28.187389], [85.347044, 28.187351], [85.347119, 28.187346], [85.347133, 28.187309], [85.347106, 28.187306], [85.347105, 28.187288], [85.347089, 28.187259], [85.347064, 28.18724], [85.347061, 28.18717], [85.347077, 28.187149], [85.347079, 28.18713], [85.347049, 28.187094], [85.347039, 28.187057], [85.34705, 28.187027], [85.347046, 28.187003], [85.347043, 28.186984], [85.347038, 28.186961], [85.347028, 28.186946], [85.347004, 28.186939], [85.346973, 28.186932], [85.346924, 28.186926], [85.346899, 28.186917], [85.346908, 28.186895], [85.34689, 28.18688], [85.346876, 28.186873], [85.346885, 28.186844], [85.346917, 28.186833], [85.346942, 28.186818], [85.346976, 28.186819], [85.347004, 28.18682], [85.347018, 28.186851], [85.347037, 28.186837], [85.347022, 28.186816], [85.347002, 28.186798], [85.346981, 28.186793], [85.346962, 28.186788], [85.34697, 28.186759], [85.346967, 28.186735], [85.346946, 28.186714], [85.346932, 28.186728], [85.346928, 28.186753], [85.346853, 28.18675], [85.346827, 28.186712], [85.34684, 28.186678], [85.346866, 28.186644], [85.346912, 28.186645], [85.346925, 28.186634], [85.346919, 28.186616], [85.346932, 28.186599], [85.346948, 28.186581], [85.346958, 28.186559], [85.346969, 28.186534], [85.346954, 28.186507], [85.346898, 28.186522], [85.346878, 28.186557], [85.346855, 28.186561], [85.346856, 28.186539], [85.346865, 28.186512], [85.346858, 28.186487], [85.34683, 28.186466], [85.346808, 28.186443], [85.346796, 28.186419], [85.346814, 28.186403], [85.346832, 28.186394], [85.346808, 28.186382], [85.346763, 28.186393], [85.346732, 28.186409], [85.346735, 28.186439], [85.346733, 28.186475], [85.346741, 28.186494], [85.346719, 28.186509], [85.346704, 28.186521], [85.346686, 28.186511], [85.346674, 28.186506], [85.346626, 28.186456], [85.346643, 28.186414], [85.346698, 28.186414], [85.346716, 28.186389], [85.34669, 28.186374], [85.346682, 28.186347], [85.346682, 28.186324], [85.346656, 28.186291], [85.34664, 28.186262], [85.346714, 28.186236], [85.346731, 28.186256], [85.346736, 28.186281], [85.346766, 28.186301], [85.34681, 28.186284], [85.346826, 28.186232], [85.346823, 28.186203], [85.346808, 28.186183], [85.346778, 28.186185], [85.346748, 28.186142], [85.346722, 28.186131], [85.346696, 28.186133], [85.346695, 28.186113], [85.346729, 28.186087], [85.346715, 28.186053], [85.346679, 28.186031], [85.346692, 28.186008], [85.346685, 28.185987], [85.34664, 28.18598], [85.346597, 28.18598], [85.346576, 28.186008], [85.346586, 28.186025], [85.346564, 28.186031], [85.346537, 28.186009], [85.346504, 28.186012], [85.34649, 28.185992], [85.346484, 28.185964], [85.346512, 28.18592], [85.346567, 28.185924], [85.346592, 28.185923], [85.346597, 28.185901], [85.346658, 28.185905], [85.346698, 28.185885], [85.34669, 28.185857], [85.346667, 28.185848], [85.346648, 28.185827], [85.34665, 28.185806], [85.346658, 28.185793], [85.34666, 28.185771], [85.346695, 28.185772], [85.346713, 28.185757], [85.346686, 28.185716], [85.346673, 28.185652], [85.346644, 28.185625], [85.346612, 28.18561], [85.346583, 28.185619], [85.346536, 28.185611], [85.34653, 28.185593], [85.346536, 28.185577], [85.346527, 28.185559], [85.346508, 28.185553], [85.346494, 28.185582], [85.346438, 28.185587], [85.346399, 28.185579], [85.346416, 28.185599], [85.346418, 28.185619], [85.34639, 28.185617], [85.346338, 28.185595], [85.34631, 28.185586], [85.346279, 28.185603], [85.346249, 28.185614], [85.346208, 28.185609], [85.346186, 28.185585], [85.346153, 28.185574], [85.346127, 28.18557], [85.346092, 28.185534], [85.346073, 28.185515], [85.346045, 28.185491], [85.346041, 28.185464], [85.346015, 28.185464], [85.345925, 28.185467], [85.345863, 28.18544], [85.345852, 28.185397], [85.345831, 28.185369], [85.345819, 28.185323], [85.345781, 28.185296], [85.34574, 28.185277], [85.345704, 28.185271], [85.345653, 28.185233], [85.345655, 28.185202], [85.345659, 28.185177], [85.345713, 28.185156], [85.345726, 28.18514], [85.345718, 28.185131], [85.345702, 28.185129], [85.345688, 28.185129], [85.345677, 28.185116], [85.345663, 28.185079], [85.34566, 28.18504], [85.345615, 28.185036], [85.345624, 28.185003], [85.345627, 28.184975], [85.345576, 28.184959], [85.345552, 28.184916], [85.345542, 28.184869], [85.345516, 28.184862], [85.345544, 28.184847], [85.345551, 28.184807], [85.345521, 28.184779], [85.345499, 28.184755], [85.34547, 28.184723], [85.345431, 28.184697], [85.345459, 28.184678], [85.345437, 28.184656], [85.345449, 28.184628], [85.345481, 28.184608], [85.345448, 28.184577], [85.345458, 28.184556], [85.345488, 28.184527], [85.345468, 28.18448], [85.345422, 28.18442], [85.345354, 28.184388], [85.345358, 28.184341], [85.34538, 28.184305], [85.345347, 28.184281], [85.345342, 28.184235], [85.345342, 28.184194], [85.345296, 28.184181], [85.345288, 28.184118], [85.345266, 28.184093], [85.345244, 28.184064], [85.345246, 28.184028], [85.345254, 28.183988], [85.345221, 28.18398], [85.345159, 28.18397], [85.345148, 28.183929], [85.345149, 28.183894], [85.345143, 28.183851], [85.345153, 28.183809], [85.345184, 28.183781], [85.34518, 28.183753], [85.345149, 28.18372], [85.345119, 28.183689], [85.345129, 28.183646], [85.345111, 28.183623], [85.345079, 28.183609], [85.345038, 28.18361], [85.345011, 28.183583], [85.345032, 28.183557], [85.345047, 28.183533], [85.345074, 28.183503], [85.345056, 28.183481], [85.34499, 28.183485], [85.344934, 28.18342], [85.344889, 28.183401], [85.344881, 28.183452], [85.344921, 28.183487], [85.344923, 28.183503], [85.344877, 28.1835], [85.34486, 28.183474], [85.344832, 28.183471], [85.344818, 28.183456], [85.3448, 28.183427], [85.344791, 28.183416], [85.344781, 28.183403], [85.34479, 28.183388], [85.344805, 28.183392], [85.344819, 28.183401], [85.344836, 28.183378], [85.344837, 28.183358], [85.344851, 28.183354], [85.344871, 28.183355], [85.344877, 28.183342], [85.34487, 28.183315], [85.344856, 28.183301], [85.344857, 28.183269], [85.344894, 28.18326], [85.344915, 28.183242], [85.344895, 28.183216], [85.344883, 28.183181], [85.344922, 28.183175], [85.344917, 28.183157], [85.344876, 28.183148], [85.344818, 28.18315], [85.344775, 28.183108], [85.344785, 28.183072], [85.344724, 28.183013], [85.344735, 28.182988], [85.344702, 28.182963], [85.344699, 28.182929], [85.344714, 28.182905], [85.344686, 28.18289], [85.344633, 28.182866], [85.34462, 28.182831], [85.344612, 28.182806], [85.344608, 28.182784], [85.344618, 28.182755], [85.344582, 28.182729], [85.344559, 28.182734], [85.344548, 28.18272], [85.344566, 28.182696], [85.344621, 28.182673], [85.344622, 28.182643], [85.344584, 28.18263], [85.344556, 28.18257], [85.34458, 28.182554], [85.34457, 28.182525], [85.344561, 28.182485], [85.344537, 28.182473], [85.344471, 28.182436], [85.344459, 28.182392], [85.344475, 28.182369], [85.344469, 28.182348], [85.344429, 28.182348], [85.344399, 28.182303], [85.344368, 28.182278], [85.344406, 28.182262], [85.344438, 28.182263], [85.344451, 28.182251], [85.344414, 28.18224], [85.344382, 28.182223], [85.344379, 28.182202], [85.344358, 28.182186], [85.344319, 28.18219], [85.344303, 28.182172], [85.344323, 28.182155], [85.3443, 28.182129], [85.34434, 28.182072], [85.344355, 28.182045], [85.344317, 28.18202], [85.3443, 28.182003], [85.344283, 28.181973], [85.344255, 28.181951], [85.34421, 28.181931], [85.344179, 28.18192], [85.344154, 28.181909], [85.344122, 28.181898], [85.344101, 28.181886], [85.344075, 28.18188], [85.344055, 28.181871], [85.344047, 28.18186], [85.344031, 28.181853], [85.343981, 28.181831], [85.343939, 28.18179], [85.343899, 28.1818], [85.343876, 28.181786], [85.34386, 28.181759], [85.343823, 28.181744], [85.343796, 28.181726], [85.343782, 28.181705], [85.34378, 28.181665], [85.343762, 28.181648], [85.343757, 28.181611], [85.343738, 28.181598], [85.343694, 28.18157], [85.343673, 28.181532], [85.343682, 28.181518], [85.343676, 28.181498], [85.343639, 28.181488], [85.343606, 28.181498], [85.343591, 28.181498], [85.343578, 28.181491], [85.343572, 28.181478], [85.343591, 28.181443], [85.343593, 28.181402], [85.343571, 28.181375], [85.343526, 28.181355], [85.34351, 28.181302], [85.343462, 28.181312], [85.343448, 28.1813], [85.343417, 28.181296], [85.343398, 28.181295], [85.34341, 28.181268], [85.343432, 28.181231], [85.34347, 28.181222], [85.343511, 28.181232], [85.343537, 28.181245], [85.343555, 28.181261], [85.343527, 28.181261], [85.343525, 28.181271], [85.343538, 28.181278], [85.343544, 28.181303], [85.343564, 28.181327], [85.343576, 28.181331], [85.343644, 28.181323], [85.343644, 28.181288], [85.343561, 28.181241], [85.343534, 28.181216], [85.343508, 28.181194], [85.34349, 28.181176], [85.343461, 28.181164], [85.34343, 28.181159], [85.343398, 28.181141], [85.343381, 28.1811], [85.34339, 28.181063], [85.343425, 28.181067], [85.343445, 28.181098], [85.343486, 28.181097], [85.343465, 28.181064], [85.343415, 28.181037], [85.343403, 28.181017], [85.343372, 28.180964], [85.343314, 28.180946], [85.343276, 28.180915], [85.343262, 28.18087], [85.343304, 28.180841], [85.34334, 28.180844], [85.343367, 28.180822], [85.343366, 28.180779], [85.343371, 28.180747], [85.343402, 28.180732], [85.343449, 28.180741], [85.343473, 28.180727], [85.343464, 28.180674], [85.343458, 28.180625], [85.343452, 28.180581], [85.34342, 28.180566], [85.343382, 28.180513], [85.343389, 28.180491], [85.343412, 28.180486], [85.343399, 28.180429], [85.343378, 28.180387], [85.343376, 28.180337], [85.343392, 28.180289], [85.343423, 28.180259], [85.343469, 28.180224], [85.343497, 28.180187], [85.343545, 28.180181], [85.343581, 28.180161], [85.343652, 28.180153], [85.343685, 28.180142], [85.343704, 28.180122], [85.343704, 28.180071], [85.343674, 28.18001], [85.3437, 28.179981], [85.343686, 28.179961], [85.343715, 28.179938], [85.343734, 28.179901], [85.343709, 28.179875], [85.34368, 28.17987], [85.343677, 28.179852], [85.343673, 28.179826], [85.343668, 28.179804], [85.343689, 28.179787], [85.343719, 28.179794], [85.343746, 28.179814], [85.34377, 28.179817], [85.343784, 28.179798], [85.3438, 28.179784], [85.343835, 28.179787], [85.343858, 28.179764], [85.34386, 28.179735], [85.343844, 28.17971], [85.343818, 28.179724], [85.343781, 28.179738], [85.343769, 28.179707], [85.343746, 28.1797], [85.343708, 28.179677], [85.343717, 28.179612], [85.34377, 28.17957], [85.343807, 28.179594], [85.343819, 28.179563], [85.343801, 28.179548], [85.343779, 28.179541], [85.343802, 28.179503], [85.343831, 28.179519], [85.343853, 28.179492], [85.343827, 28.179459], [85.34383, 28.179426], [85.343866, 28.179383], [85.343874, 28.179341], [85.343878, 28.179318], [85.343862, 28.179263], [85.343875, 28.179228], [85.343882, 28.179184], [85.343878, 28.179159], [85.343855, 28.179146], [85.343828, 28.179151], [85.343828, 28.179174], [85.343814, 28.179196], [85.343773, 28.179187], [85.343752, 28.179152], [85.343752, 28.179123], [85.343778, 28.179091], [85.34381, 28.179081], [85.343799, 28.179055], [85.343836, 28.179007], [85.343875, 28.179004], [85.343871, 28.178983], [85.34385, 28.178958], [85.343837, 28.178922], [85.343805, 28.178898], [85.343775, 28.178878], [85.343756, 28.178846], [85.343776, 28.178812], [85.343789, 28.178808], [85.343798, 28.178808], [85.343801, 28.178806], [85.343798, 28.178796], [85.34378, 28.178796], [85.343756, 28.178799], [85.343734, 28.1788], [85.343722, 28.178782], [85.343738, 28.178756], [85.343752, 28.178741], [85.343771, 28.178724], [85.343771, 28.178704], [85.343755, 28.178683], [85.34374, 28.178653], [85.343708, 28.17864], [85.34368, 28.17863], [85.343666, 28.178618], [85.343683, 28.178594], [85.343688, 28.17858], [85.34367, 28.178578], [85.343661, 28.178567], [85.343674, 28.17855], [85.343652, 28.178541], [85.343637, 28.178508], [85.343645, 28.178471], [85.343669, 28.178467], [85.34369, 28.178447], [85.343694, 28.178418], [85.343715, 28.178403], [85.343689, 28.178376], [85.343666, 28.17832], [85.343674, 28.178277], [85.343704, 28.178249], [85.343727, 28.17822], [85.34374, 28.178195], [85.343772, 28.178192], [85.343789, 28.178215], [85.343816, 28.178205], [85.343829, 28.178189], [85.343805, 28.178156], [85.343735, 28.178136], [85.343692, 28.178153], [85.343658, 28.178129], [85.343653, 28.178086], [85.343689, 28.178032], [85.343706, 28.178004], [85.343722, 28.177973], [85.343723, 28.177949], [85.34372, 28.177923], [85.343712, 28.177901], [85.343705, 28.177864], [85.343726, 28.177831], [85.34376, 28.177808], [85.343754, 28.177779], [85.343764, 28.177746], [85.343794, 28.177728], [85.343814, 28.177682], [85.343857, 28.177699], [85.343855, 28.177726], [85.343891, 28.177732], [85.343942, 28.17771], [85.34399, 28.177669], [85.343985, 28.177637], [85.343968, 28.177583], [85.343994, 28.177563], [85.343995, 28.177527], [85.343948, 28.177493], [85.343936, 28.177441], [85.343982, 28.177426], [85.343995, 28.177402], [85.343982, 28.177366], [85.343958, 28.177342], [85.343951, 28.177313], [85.343981, 28.177286], [85.344021, 28.177306], [85.344051, 28.177304], [85.344091, 28.177277], [85.344084, 28.177255], [85.344063, 28.177225], [85.344056, 28.177193], [85.344086, 28.177183], [85.344129, 28.177176], [85.344156, 28.177159], [85.344201, 28.177129], [85.344226, 28.177137], [85.344233, 28.17712], [85.34429, 28.177116], [85.344304, 28.177169], [85.34431, 28.177201], [85.344374, 28.177167], [85.344375, 28.17711], [85.344395, 28.17703], [85.3445, 28.177041], [85.344562, 28.177089], [85.344686, 28.17713], [85.344662, 28.176946], [85.344613, 28.176876], [85.344585, 28.176831], [85.344557, 28.176836], [85.34453, 28.1768], [85.344501, 28.176792], [85.344501, 28.176821], [85.344467, 28.176842], [85.344482, 28.176869], [85.344452, 28.176908], [85.344439, 28.176942], [85.344415, 28.176967], [85.34431, 28.17703], [85.344268, 28.177028], [85.344241, 28.177059], [85.344183, 28.17706], [85.344142, 28.177022], [85.344118, 28.177003], [85.34402, 28.177069], [85.343961, 28.177109], [85.343849, 28.177105], [85.343889, 28.177025], [85.343839, 28.177006], [85.343804, 28.176972], [85.343821, 28.176932], [85.343816, 28.176894], [85.34379, 28.176833], [85.343765, 28.176788], [85.343751, 28.176746], [85.343772, 28.176651], [85.343869, 28.176666], [85.343826, 28.176618], [85.343803, 28.176572], [85.343794, 28.176521], [85.343761, 28.176498], [85.343738, 28.176453], [85.343723, 28.176401], [85.343679, 28.176393], [85.343641, 28.176368], [85.34361, 28.176335], [85.343637, 28.176299], [85.343644, 28.176247], [85.343689, 28.176232], [85.343695, 28.176203], [85.34364, 28.176185], [85.343628, 28.176143], [85.343661, 28.176107], [85.34366, 28.176054], [85.343739, 28.175989], [85.343772, 28.175961], [85.343716, 28.175956], [85.3437, 28.175916], [85.343712, 28.175881], [85.343708, 28.17584], [85.34374, 28.175802], [85.343759, 28.175771], [85.343823, 28.175774], [85.343864, 28.17577], [85.343886, 28.175706], [85.343944, 28.175696], [85.343973, 28.17575], [85.344028, 28.175773], [85.344047, 28.17582], [85.344053, 28.175865], [85.344138, 28.175896], [85.344187, 28.175894], [85.344225, 28.175864], [85.344268, 28.175849], [85.344244, 28.175781], [85.344214, 28.175749], [85.344201, 28.175709], [85.344168, 28.175693], [85.344109, 28.175706], [85.344088, 28.175667], [85.344056, 28.175635], [85.343991, 28.175626], [85.34396, 28.175627], [85.343925, 28.175611], [85.343895, 28.175573], [85.343897, 28.175544], [85.343813, 28.175515], [85.343773, 28.175469], [85.343743, 28.175472], [85.343707, 28.17548], [85.343673, 28.175466], [85.343646, 28.175455], [85.34361, 28.175465], [85.343569, 28.175451], [85.343528, 28.17547], [85.343467, 28.175478], [85.343459, 28.175443], [85.343486, 28.175397], [85.343469, 28.175349], [85.343421, 28.175339], [85.34341, 28.175296], [85.343436, 28.17528], [85.343477, 28.175283], [85.343522, 28.175249], [85.34353, 28.175193], [85.343603, 28.175175], [85.34358, 28.175111], [85.343502, 28.175056], [85.343457, 28.17505], [85.343422, 28.175007], [85.343436, 28.174934], [85.343476, 28.174913], [85.343495, 28.174892], [85.343472, 28.174858], [85.343467, 28.174818], [85.34351, 28.174776], [85.343553, 28.174741], [85.34359, 28.174716], [85.343625, 28.174693], [85.343658, 28.174669], [85.343624, 28.17464], [85.343591, 28.174622], [85.343592, 28.174582], [85.343559, 28.174515], [85.343576, 28.174482], [85.343578, 28.174445], [85.34357, 28.174411], [85.343576, 28.174377], [85.343581, 28.174335], [85.343557, 28.174302], [85.343569, 28.174276], [85.343566, 28.174239], [85.343563, 28.174212], [85.343557, 28.174176], [85.343566, 28.174136], [85.343621, 28.17409], [85.343611, 28.174048], [85.3436, 28.174014], [85.343611, 28.173978], [85.343644, 28.173955], [85.343771, 28.173995], [85.343813, 28.17397], [85.343757, 28.173918], [85.343677, 28.173899], [85.34367, 28.173865], [85.343672, 28.173828], [85.343668, 28.173788], [85.343662, 28.173745], [85.343718, 28.173723], [85.343747, 28.173698], [85.343783, 28.173651], [85.343834, 28.17363], [85.343807, 28.173596], [85.343753, 28.173566], [85.343691, 28.173524], [85.343641, 28.173482], [85.343662, 28.173443], [85.343645, 28.173389], [85.343693, 28.173349], [85.343715, 28.173299], [85.343737, 28.173228], [85.343724, 28.173202], [85.343677, 28.173165], [85.343644, 28.173133], [85.34366, 28.173091], [85.343678, 28.173058], [85.343658, 28.173024], [85.343623, 28.172992], [85.343666, 28.172965], [85.343662, 28.172929], [85.343679, 28.172884], [85.343696, 28.172849], [85.343688, 28.172804], [85.343702, 28.172767], [85.343667, 28.172747], [85.343627, 28.172746], [85.3436, 28.172698], [85.343589, 28.172651], [85.343614, 28.172617], [85.343586, 28.172599], [85.343564, 28.172563], [85.343556, 28.172517], [85.343509, 28.172483], [85.343526, 28.172444], [85.343577, 28.172441], [85.343588, 28.172399], [85.343643, 28.172383], [85.343634, 28.172427], [85.343632, 28.172462], [85.343669, 28.172461], [85.343674, 28.172496], [85.343697, 28.172473], [85.343714, 28.17243], [85.343739, 28.172399], [85.343783, 28.17238], [85.34376, 28.172339], [85.343706, 28.172312], [85.343682, 28.17227], [85.343696, 28.172235], [85.343682, 28.172196], [85.343636, 28.172164], [85.343619, 28.172201], [85.343583, 28.172209], [85.34354, 28.172161], [85.343561, 28.172119], [85.343598, 28.172104], [85.343623, 28.172062], [85.34357, 28.172018], [85.34352, 28.172015], [85.343501, 28.172048], [85.343451, 28.172017], [85.343456, 28.171971], [85.343494, 28.171972], [85.343497, 28.171947], [85.343454, 28.171924], [85.343413, 28.171912], [85.343378, 28.171883], [85.343385, 28.171845], [85.343417, 28.17188], [85.343449, 28.171895], [85.343471, 28.17187], [85.343443, 28.171824], [85.343455, 28.171787], [85.343513, 28.171783], [85.343555, 28.171785], [85.343542, 28.171745], [85.34354, 28.171701], [85.343505, 28.171722], [85.34347, 28.171698], [85.343495, 28.171658], [85.343536, 28.171612], [85.343583, 28.17164], [85.343621, 28.171615], [85.343637, 28.171563], [85.343623, 28.171524], [85.343593, 28.171503], [85.343544, 28.171506], [85.343528, 28.171462], [85.343508, 28.171436], [85.343476, 28.171419], [85.343481, 28.171385], [85.343518, 28.171388], [85.343549, 28.171377], [85.343594, 28.171372], [85.343633, 28.171322], [85.343616, 28.171269], [85.343609, 28.171224], [85.343577, 28.171158], [85.343577, 28.171104], [85.343596, 28.171084], [85.343589, 28.171053], [85.343587, 28.171003], [85.343551, 28.170979], [85.34354, 28.170931], [85.343575, 28.170889], [85.343625, 28.170862], [85.343644, 28.170832], [85.343612, 28.1708], [85.343604, 28.170756], [85.343654, 28.170735], [85.34369, 28.170747], [85.343699, 28.170751], [85.343707, 28.170746], [85.343718, 28.17074], [85.343714, 28.170728], [85.343711, 28.170714], [85.343711, 28.170696], [85.343672, 28.170652], [85.343671, 28.170631], [85.34369, 28.17062], [85.34372, 28.170601], [85.343686, 28.170579], [85.343727, 28.170525], [85.343729, 28.170516], [85.343713, 28.170512], [85.343709, 28.170486], [85.343735, 28.170475], [85.343777, 28.170457], [85.343785, 28.17041], [85.343766, 28.170426], [85.343737, 28.170432], [85.343698, 28.170414], [85.343717, 28.170373], [85.34374, 28.170331], [85.34372, 28.170318], [85.343687, 28.170314], [85.343675, 28.170287], [85.343622, 28.170254], [85.343612, 28.170221], [85.34367, 28.170195], [85.343701, 28.17024], [85.343708, 28.170275], [85.343737, 28.170285], [85.343758, 28.170303], [85.343783, 28.170251], [85.343754, 28.170217], [85.343731, 28.170183], [85.343742, 28.170118], [85.343778, 28.170104], [85.343783, 28.170067], [85.343776, 28.170038], [85.343792, 28.169982], [85.343787, 28.169906], [85.343758, 28.169882], [85.34378, 28.169841], [85.343769, 28.169786], [85.343752, 28.169741], [85.343726, 28.169674], [85.343682, 28.169642], [85.343654, 28.169661], [85.34362, 28.169658], [85.34361, 28.169633], [85.343568, 28.169618], [85.343528, 28.169599], [85.343497, 28.169576], [85.34346, 28.169567], [85.343438, 28.169543], [85.343489, 28.169516], [85.343516, 28.169455], [85.343557, 28.169346], [85.343589, 28.169322], [85.343613, 28.169304], [85.343645, 28.169298], [85.343646, 28.169324], [85.343716, 28.169314], [85.343724, 28.169294], [85.343698, 28.169277], [85.343664, 28.169275], [85.343654, 28.169252], [85.343675, 28.169182], [85.343687, 28.169147], [85.343723, 28.169102], [85.34374, 28.169079], [85.343733, 28.169047], [85.343695, 28.169023], [85.343685, 28.168999], [85.343671, 28.168962], [85.343633, 28.168933], [85.343606, 28.168938], [85.343588, 28.168918], [85.343566, 28.168905], [85.343542, 28.168915], [85.343506, 28.168905], [85.343459, 28.168876], [85.343459, 28.168843], [85.343526, 28.168817], [85.34352, 28.168806], [85.343516, 28.168779], [85.343534, 28.168763], [85.343565, 28.168743], [85.343558, 28.168727], [85.343522, 28.168721], [85.343492, 28.16872], [85.343465, 28.168724], [85.343445, 28.168727], [85.34343, 28.168723], [85.34341, 28.168705], [85.343392, 28.168703], [85.343392, 28.168693], [85.343408, 28.168685], [85.343435, 28.168675], [85.343422, 28.168622], [85.343432, 28.168604], [85.34343, 28.168576], [85.343439, 28.168548], [85.34344, 28.168516], [85.34343, 28.168456], [85.343434, 28.168434], [85.343423, 28.168408], [85.343411, 28.168384], [85.343424, 28.168335], [85.343394, 28.168278], [85.343398, 28.168229], [85.343419, 28.168176], [85.343411, 28.168145], [85.343434, 28.168097], [85.343483, 28.168027], [85.34351, 28.168015], [85.343517, 28.167991], [85.343499, 28.16797], [85.34351, 28.167955], [85.343534, 28.167907], [85.343508, 28.167848], [85.343472, 28.167833], [85.343441, 28.167848], [85.343412, 28.167854], [85.343406, 28.167836], [85.343417, 28.167807], [85.343433, 28.167786], [85.343451, 28.167776], [85.343479, 28.167769], [85.343505, 28.167752], [85.343526, 28.167714], [85.34356, 28.167691], [85.343587, 28.167665], [85.343588, 28.167629], [85.343599, 28.167615], [85.343604, 28.167595], [85.343591, 28.167579], [85.343595, 28.167559], [85.343568, 28.167477], [85.343583, 28.167443], [85.343602, 28.167417], [85.343611, 28.167395], [85.343633, 28.167384], [85.343626, 28.167363], [85.343655, 28.167349], [85.343648, 28.16733], [85.343637, 28.167307], [85.343652, 28.16725], [85.343688, 28.167224], [85.343746, 28.167144], [85.343842, 28.166957], [85.343887, 28.166889], [85.343892, 28.166817], [85.34388, 28.166784], [85.343855, 28.166741], [85.343846, 28.166701], [85.343835, 28.166644], [85.343837, 28.16661], [85.343876, 28.166506], [85.343943, 28.166481], [85.34394, 28.166364], [85.34394, 28.166332], [85.343873, 28.16622], [85.343882, 28.166186], [85.343912, 28.166162], [85.343907, 28.166103], [85.343869, 28.166074], [85.343842, 28.166073], [85.343844, 28.166047], [85.343812, 28.166027], [85.343805, 28.166001], [85.343811, 28.165932], [85.34379, 28.165898], [85.343756, 28.165893], [85.343715, 28.16588], [85.343674, 28.165853], [85.343629, 28.16586], [85.343553, 28.16585], [85.343572, 28.165818], [85.343574, 28.165787], [85.343566, 28.165694], [85.343566, 28.165634], [85.343546, 28.165585], [85.343546, 28.165539], [85.343566, 28.165445], [85.343561, 28.165409], [85.343531, 28.165375], [85.343482, 28.165332], [85.343464, 28.165312], [85.343473, 28.165269], [85.343496, 28.165221], [85.343474, 28.165164], [85.343496, 28.165103], [85.343575, 28.165043], [85.343597, 28.164953], [85.343578, 28.164872], [85.34362, 28.164795], [85.343676, 28.164616], [85.343713, 28.164545], [85.343732, 28.164514], [85.343821, 28.164477], [85.343861, 28.164454], [85.343899, 28.164411], [85.343986, 28.164399], [85.344056, 28.164377], [85.344063, 28.164347], [85.344113, 28.164321], [85.344133, 28.164339], [85.344132, 28.164367], [85.344193, 28.164329], [85.344324, 28.164173], [85.34441, 28.164153], [85.344446, 28.164138], [85.344482, 28.164116], [85.344564, 28.16402], [85.344592, 28.163949], [85.344576, 28.163945], [85.344562, 28.163914], [85.344604, 28.163881], [85.344638, 28.163894], [85.34464, 28.163859], [85.344699, 28.163819], [85.344706, 28.163797], [85.344706, 28.163768], [85.344763, 28.163777], [85.344787, 28.163672], [85.34481, 28.163605], [85.344783, 28.163586], [85.344, 28.162871], [85.343842, 28.16277], [85.343799, 28.162767], [85.343757, 28.162782], [85.34371, 28.16279], [85.34366, 28.162814], [85.343654, 28.16285], [85.343632, 28.162863], [85.343615, 28.162855], [85.343575, 28.162867], [85.343563, 28.162882], [85.343529, 28.162892], [85.343533, 28.162912], [85.343537, 28.16293], [85.343523, 28.162931], [85.343502, 28.162933], [85.343471, 28.16294], [85.343452, 28.162948], [85.343445, 28.162968], [85.343404, 28.162947], [85.343425, 28.162918], [85.343441, 28.162892], [85.34343, 28.162875], [85.343342, 28.162872], [85.343315, 28.162857], [85.343276, 28.162862], [85.343204, 28.162882], [85.343128, 28.1629], [85.343058, 28.162852], [85.342956, 28.162893], [85.342863, 28.162889], [85.342812, 28.162859], [85.342774, 28.162896], [85.342694, 28.162894], [85.342654, 28.16286], [85.342676, 28.162835], [85.342655, 28.162789], [85.3426, 28.1628], [85.34255, 28.162781], [85.342541, 28.162771], [85.34248, 28.16276], [85.342459, 28.162781], [85.34242, 28.162767], [85.342402, 28.162722], [85.342355, 28.162684], [85.342325, 28.162713], [85.342309, 28.162748], [85.34228, 28.162765], [85.342231, 28.162776], [85.342195, 28.162782], [85.342161, 28.16277], [85.342118, 28.162785], [85.342096, 28.162777], [85.342039, 28.162791], [85.342008, 28.162781], [85.342005, 28.162739], [85.34197, 28.162736], [85.341956, 28.162707], [85.34193, 28.162702], [85.341929, 28.162731], [85.341893, 28.162736], [85.341855, 28.162735], [85.341814, 28.162718], [85.341777, 28.162701], [85.341731, 28.162678], [85.341691, 28.162669], [85.341643, 28.16266], [85.341652, 28.162683], [85.341661, 28.162725], [85.341625, 28.162716], [85.341619, 28.162682], [85.34158, 28.162686], [85.341548, 28.162688], [85.341509, 28.162687], [85.341455, 28.162696], [85.341437, 28.162732], [85.341435, 28.162768], [85.341441, 28.162806], [85.341391, 28.162825], [85.341365, 28.162806], [85.341339, 28.162793], [85.341299, 28.162766], [85.341267, 28.16276], [85.341227, 28.162768], [85.341187, 28.162758], [85.341161, 28.162734], [85.341105, 28.16277], [85.341139, 28.162799], [85.341133, 28.162835], [85.3411, 28.162848], [85.341059, 28.16287], [85.341016, 28.162889], [85.340999, 28.162914], [85.340974, 28.162954], [85.34094, 28.162966], [85.340892, 28.162961], [85.340836, 28.162982], [85.340793, 28.16302], [85.340745, 28.163038], [85.340703, 28.163011], [85.340674, 28.163018], [85.340629, 28.163019], [85.340565, 28.163005], [85.340514, 28.162986], [85.340452, 28.162963], [85.340389, 28.162915], [85.340349, 28.162893], [85.340298, 28.162851], [85.340248, 28.162832], [85.340196, 28.162791], [85.340183, 28.162759], [85.340168, 28.162735], [85.340132, 28.162709], [85.340116, 28.162683], [85.340075, 28.162639], [85.340029, 28.162602], [85.33998, 28.162603], [85.339941, 28.162583], [85.339928, 28.162548], [85.339942, 28.162497], [85.339908, 28.162439], [85.339871, 28.162389], [85.339799, 28.162335], [85.339727, 28.162274], [85.339684, 28.162237], [85.339624, 28.162226], [85.339575, 28.162189], [85.339501, 28.162119], [85.339448, 28.162118], [85.33939, 28.162101], [85.339324, 28.162053], [85.339228, 28.162005], [85.339107, 28.161936], [85.339017, 28.161871], [85.338979, 28.161846], [85.338986, 28.161802], [85.33896, 28.161741], [85.338923, 28.161706], [85.338937, 28.161658], [85.338952, 28.161623], [85.338911, 28.161618], [85.338904, 28.161589], [85.338838, 28.161554], [85.338787, 28.161538], [85.338672, 28.161467], [85.338632, 28.161365], [85.338586, 28.161248], [85.338503, 28.161181], [85.338426, 28.161055], [85.338308, 28.160899], [85.338265, 28.160789], [85.33817, 28.160612], [85.338123, 28.160507], [85.338137, 28.160378], [85.338099, 28.160306], [85.3381, 28.160254], [85.338071, 28.160217], [85.338018, 28.160181], [85.33801, 28.160137], [85.33805, 28.160116], [85.338028, 28.160052], [85.338017, 28.159977], [85.337971, 28.159992], [85.33792, 28.159966], [85.337874, 28.159964], [85.337804, 28.159901], [85.337716, 28.159904], [85.337637, 28.15986], [85.337546, 28.159825], [85.337478, 28.159766], [85.337467, 28.159696], [85.337405, 28.159591], [85.337382, 28.159556], [85.337364, 28.159518], [85.337311, 28.159507], [85.337272, 28.159524], [85.337197, 28.159453], [85.337143, 28.159418], [85.337103, 28.159414], [85.337018, 28.159346], [85.336988, 28.1593], [85.33702, 28.15928], [85.336955, 28.159268], [85.336911, 28.159299], [85.336888, 28.159325], [85.336858, 28.159351], [85.336869, 28.159312], [85.336906, 28.159284], [85.336858, 28.159297], [85.336793, 28.159288], [85.336734, 28.15924], [85.336659, 28.159222], [85.336626, 28.159178], [85.336623, 28.159118], [85.336599, 28.159051], [85.336546, 28.159025], [85.336508, 28.159051], [85.336477, 28.15903], [85.336442, 28.159008], [85.336461, 28.158942], [85.336489, 28.158863], [85.336517, 28.158809], [85.336583, 28.158767], [85.336603, 28.158694], [85.33667, 28.15867], [85.336695, 28.158591], [85.336769, 28.158535], [85.336797, 28.158489], [85.336792, 28.158446], [85.336818, 28.158412], [85.336825, 28.158356], [85.33683, 28.158309], [85.336874, 28.158263], [85.336912, 28.158253], [85.336946, 28.158242], [85.336945, 28.158206], [85.336956, 28.158135], [85.336989, 28.158098], [85.337037, 28.15806], [85.337034, 28.15801], [85.337067, 28.15798], [85.337077, 28.157947], [85.337127, 28.157917], [85.33718, 28.157915], [85.337216, 28.157862], [85.337264, 28.157842], [85.337324, 28.157824], [85.337384, 28.157789], [85.337416, 28.157768], [85.337423, 28.157713], [85.33747, 28.157655], [85.337523, 28.15762], [85.33755, 28.157578], [85.337567, 28.157551], [85.337278, 28.157292], [85.337201, 28.157358], [85.33714, 28.157427], [85.337053, 28.157479], [85.336983, 28.157515], [85.336893, 28.157567], [85.336792, 28.157694], [85.336782, 28.15777], [85.336793, 28.157838], [85.33673, 28.15788], [85.336672, 28.157873], [85.336616, 28.157843], [85.33656, 28.157847], [85.336509, 28.15782], [85.336433, 28.157858], [85.336359, 28.157893], [85.336311, 28.157918], [85.33628, 28.157947], [85.336165, 28.158027], [85.336099, 28.158049], [85.336067, 28.158048], [85.336032, 28.158078], [85.335983, 28.158101], [85.335934, 28.158141], [85.335886, 28.158112], [85.335821, 28.158143], [85.335767, 28.158219], [85.335737, 28.15817], [85.335724, 28.158118], [85.335708, 28.158056], [85.335683, 28.158002], [85.33562, 28.157984], [85.335553, 28.157989], [85.335482, 28.158001], [85.335389, 28.158018], [85.335313, 28.158004], [85.335271, 28.157928], [85.335262, 28.157857], [85.335204, 28.15783], [85.33516, 28.157791], [85.335113, 28.15774], [85.335047, 28.157742], [85.33498, 28.157787], [85.334909, 28.157804], [85.334877, 28.15781], [85.334795, 28.15783], [85.334736, 28.157812], [85.334681, 28.157775], [85.334535, 28.157687], [85.334481, 28.15769], [85.334425, 28.157707], [85.334374, 28.157672], [85.334333, 28.157649], [85.334277, 28.157703], [85.334215, 28.157717], [85.334168, 28.157677], [85.334157, 28.157623], [85.334075, 28.157561], [85.333986, 28.157509], [85.333943, 28.157487], [85.333909, 28.157475], [85.333878, 28.15748], [85.333845, 28.157488], [85.333809, 28.157498], [85.333818, 28.157472], [85.333813, 28.157428], [85.333768, 28.157352], [85.333678, 28.15721], [85.333567, 28.157096], [85.333423, 28.157074], [85.333275, 28.157034], [85.33318, 28.156933], [85.333044, 28.156813], [85.332807, 28.156677], [85.332644, 28.15652], [85.332499, 28.156373], [85.332413, 28.156231], [85.332355, 28.156015], [85.332235, 28.155948], [85.332057, 28.155923], [85.332003, 28.155941], [85.331949, 28.15592], [85.331855, 28.15589], [85.331787, 28.155881], [85.33173, 28.155847], [85.331656, 28.155776], [85.33164, 28.155729], [85.331596, 28.155666], [85.331544, 28.15563], [85.331494, 28.155631], [85.331469, 28.15558], [85.331443, 28.155562], [85.331383, 28.155541], [85.331335, 28.15551], [85.331253, 28.155487], [85.33121, 28.155466], [85.331187, 28.155504], [85.331163, 28.155517], [85.33116, 28.155546], [85.33114, 28.155563], [85.33108, 28.155574], [85.331028, 28.155556], [85.330995, 28.155502], [85.330936, 28.155437], [85.330918, 28.155377], [85.330875, 28.155374], [85.330836, 28.155373], [85.330801, 28.155316], [85.330747, 28.155302], [85.330693, 28.155305], [85.33068, 28.155282], [85.330636, 28.155263], [85.330615, 28.155238], [85.330628, 28.15522], [85.330665, 28.155189], [85.330616, 28.15518], [85.330553, 28.155227], [85.330505, 28.15524], [85.33045, 28.155242], [85.330418, 28.155221], [85.330394, 28.155172], [85.330367, 28.15517], [85.330363, 28.155133], [85.330346, 28.155102], [85.330309, 28.155055], [85.330259, 28.154982], [85.330211, 28.154943], [85.330163, 28.154896], [85.330109, 28.15486], [85.330072, 28.154866], [85.330037, 28.154857], [85.330018, 28.154827], [85.330016, 28.154806], [85.330037, 28.154791], [85.330036, 28.154755], [85.330015, 28.154736], [85.329977, 28.154703], [85.329933, 28.154685], [85.329881, 28.154666], [85.329832, 28.154583], [85.329798, 28.15456], [85.329786, 28.154641], [85.32968, 28.154555], [85.329676, 28.154487], [85.329643, 28.154421], [85.329609, 28.154385], [85.329558, 28.154373], [85.329577, 28.154326], [85.32952, 28.154263], [85.329481, 28.154172], [85.329446, 28.154121], [85.329428, 28.154069], [85.329387, 28.15402], [85.329346, 28.154005], [85.329315, 28.153953], [85.329257, 28.153895], [85.32921, 28.153854], [85.329107, 28.153724], [85.328878, 28.153493], [85.328638, 28.153314], [85.328433, 28.153216], [85.328301, 28.153109], [85.328164, 28.152932], [85.328126, 28.152869], [85.328098, 28.152807], [85.328033, 28.152747], [85.327965, 28.152713], [85.327888, 28.152647], [85.327837, 28.152546], [85.327827, 28.152475], [85.327796, 28.152423], [85.327733, 28.15243], [85.327695, 28.152456], [85.327612, 28.152447], [85.327567, 28.152403], [85.327525, 28.152375], [85.327456, 28.15237], [85.32739, 28.152331], [85.327361, 28.152283], [85.327327, 28.1522], [85.327308, 28.152149], [85.327214, 28.152107], [85.327186, 28.152042], [85.327274, 28.151965], [85.327374, 28.151967], [85.327352, 28.1519], [85.32733, 28.151801], [85.327275, 28.151816], [85.327242, 28.151818], [85.327193, 28.151798], [85.327157, 28.151784], [85.327132, 28.15173], [85.327107, 28.151687], [85.32707, 28.15165], [85.327024, 28.151626], [85.32696, 28.151615], [85.326859, 28.151576], [85.32683, 28.151542], [85.326824, 28.151487], [85.326782, 28.151445], [85.326787, 28.151382], [85.326829, 28.151352], [85.326794, 28.151325], [85.326748, 28.151313], [85.32669, 28.151291], [85.326622, 28.151282], [85.3266, 28.151249], [85.326604, 28.151205], [85.326587, 28.151165], [85.326538, 28.151146], [85.326484, 28.151141], [85.326459, 28.151102], [85.326394, 28.151104], [85.326351, 28.151076], [85.326284, 28.151064], [85.326238, 28.151079], [85.326216, 28.15104], [85.326266, 28.150999], [85.326318, 28.150967], [85.326308, 28.150917], [85.326238, 28.150859], [85.326182, 28.150857], [85.326174, 28.150821], [85.326159, 28.150785], [85.326119, 28.150732], [85.326079, 28.150696], [85.326026, 28.150688], [85.325981, 28.150697], [85.325929, 28.150671], [85.325904, 28.150638], [85.325877, 28.15059], [85.325869, 28.150535], [85.325916, 28.150488], [85.325897, 28.150459], [85.325875, 28.15042], [85.325856, 28.150368], [85.325817, 28.150339], [85.32577, 28.150315], [85.32571, 28.150282], [85.325677, 28.150231], [85.325638, 28.150212], [85.325596, 28.150183], [85.325542, 28.150157], [85.325493, 28.150132], [85.325436, 28.150161], [85.325399, 28.150141], [85.325421, 28.150111], [85.325393, 28.150083], [85.325346, 28.15008], [85.325296, 28.150059], [85.325262, 28.150027], [85.325207, 28.150027], [85.325169, 28.149995], [85.325115, 28.149976], [85.325057, 28.149999], [85.325001, 28.150035], [85.324944, 28.150055], [85.324062, 28.151087], [85.324139, 28.151098], [85.324207, 28.151098], [85.324277, 28.151108], [85.324335, 28.151157], [85.324362, 28.151162], [85.324387, 28.151189], [85.32441, 28.151251], [85.324407, 28.151327], [85.324376, 28.151381], [85.324356, 28.151432], [85.324367, 28.151447], [85.32438, 28.151457], [85.324384, 28.151476], [85.324392, 28.151513], [85.324407, 28.15158], [85.324427, 28.151595], [85.324457, 28.151601], [85.324484, 28.151588], [85.324503, 28.151611], [85.324489, 28.151626], [85.324505, 28.151662], [85.324535, 28.15166], [85.324568, 28.151674], [85.324602, 28.151683], [85.324635, 28.151719], [85.324643, 28.151741], [85.324639, 28.151763], [85.324629, 28.151778], [85.324649, 28.151798], [85.324657, 28.151812], [85.324652, 28.151843], [85.324628, 28.151848], [85.324601, 28.151836], [85.324594, 28.151813], [85.324604, 28.151789], [85.324582, 28.151787], [85.324545, 28.151791], [85.324531, 28.151754], [85.324496, 28.151733], [85.324485, 28.151775], [85.324482, 28.151816], [85.324509, 28.151856], [85.324527, 28.151908], [85.32454, 28.151946], [85.32457, 28.151949], [85.324586, 28.151921], [85.324617, 28.151933], [85.324649, 28.15196], [85.324675, 28.151945], [85.324705, 28.151941], [85.324736, 28.151938], [85.324754, 28.151974], [85.32477, 28.151997], [85.324759, 28.152007], [85.324757, 28.152028], [85.324758, 28.152046], [85.324753, 28.152059], [85.324735, 28.152077], [85.324723, 28.152092], [85.324708, 28.152079], [85.324708, 28.152065], [85.324694, 28.152053], [85.324667, 28.152063], [85.324627, 28.152038], [85.324624, 28.152047], [85.324628, 28.152062], [85.324607, 28.152104], [85.324578, 28.15214], [85.324566, 28.152185], [85.324592, 28.152208], [85.324618, 28.152204], [85.324638, 28.152206], [85.324645, 28.152224], [85.32466, 28.152213], [85.324676, 28.152222], [85.324697, 28.152233], [85.32472, 28.152248], [85.324732, 28.152275], [85.324782, 28.152308], [85.324798, 28.152326], [85.324844, 28.152392], [85.324886, 28.152415], [85.32496, 28.152426], [85.324985, 28.152463], [85.324991, 28.152528], [85.325036, 28.152536], [85.325121, 28.152485], [85.325127, 28.152465], [85.32511, 28.152438], [85.325105, 28.15241], [85.325133, 28.152394], [85.325183, 28.152402], [85.325205, 28.152431], [85.325199, 28.152462], [85.325182, 28.15248], [85.325158, 28.152482], [85.325158, 28.152532], [85.325158, 28.152592], [85.325208, 28.152558], [85.32524, 28.152521], [85.325276, 28.152526], [85.32525, 28.152583], [85.32529, 28.152585], [85.325311, 28.152625], [85.325289, 28.152638], [85.325288, 28.152666], [85.325302, 28.152692], [85.32536, 28.152742], [85.325389, 28.152767], [85.325468, 28.152782], [85.325509, 28.152801], [85.325543, 28.152838], [85.325569, 28.152822], [85.325592, 28.152829], [85.325616, 28.152852], [85.325664, 28.152893], [85.325719, 28.152924], [85.325767, 28.15294], [85.325792, 28.152937], [85.32584, 28.152957], [85.32589, 28.152981], [85.325916, 28.153012], [85.325951, 28.153074], [85.326012, 28.153127], [85.326038, 28.153125], [85.326085, 28.153166], [85.326105, 28.153208], [85.326148, 28.153231], [85.326212, 28.153264], [85.326265, 28.153274], [85.326308, 28.153308], [85.326309, 28.153279], [85.326378, 28.153245], [85.326445, 28.153299], [85.32644, 28.153338], [85.326396, 28.153353], [85.326396, 28.153426], [85.32639, 28.153468], [85.326406, 28.153476], [85.32642, 28.153476], [85.326441, 28.153489], [85.326451, 28.153502], [85.326466, 28.153504], [85.326479, 28.153495], [85.326498, 28.153496], [85.326501, 28.153482], [85.326499, 28.15347], [85.32651, 28.153447], [85.326533, 28.153439], [85.326558, 28.153451], [85.326568, 28.153483], [85.326555, 28.153509], [85.326549, 28.153521], [85.326555, 28.153533], [85.326581, 28.153529], [85.326663, 28.153532], [85.32669, 28.153583], [85.32669, 28.153642], [85.326668, 28.153726], [85.326678, 28.153755], [85.326706, 28.153775], [85.326712, 28.153794], [85.326711, 28.153808], [85.326702, 28.153818], [85.326706, 28.153835], [85.326718, 28.153844], [85.326754, 28.153861], [85.326784, 28.153875], [85.326798, 28.153898], [85.326824, 28.153918], [85.32683, 28.153967], [85.326878, 28.153985], [85.326985, 28.153973], [85.327008, 28.153998], [85.327023, 28.154001], [85.327034, 28.153988], [85.327047, 28.153976], [85.327062, 28.153989], [85.327068, 28.154004], [85.327084, 28.154027], [85.327118, 28.154018], [85.327141, 28.154018], [85.327158, 28.154025], [85.327182, 28.154012], [85.327217, 28.154002], [85.327231, 28.15403], [85.32724, 28.154044], [85.327226, 28.154063], [85.327205, 28.154073], [85.327187, 28.154061], [85.327168, 28.154076], [85.327142, 28.154071], [85.32713, 28.154064], [85.327133, 28.154086], [85.327163, 28.154092], [85.327184, 28.154094], [85.327215, 28.154091], [85.327251, 28.154062], [85.327304, 28.154065], [85.327353, 28.154093], [85.327355, 28.154118], [85.327339, 28.154125], [85.327328, 28.154132], [85.327292, 28.154139], [85.327288, 28.15416], [85.327286, 28.15418], [85.327289, 28.154194], [85.327305, 28.154226], [85.327332, 28.154226], [85.327333, 28.154251], [85.327366, 28.154277], [85.327405, 28.154292], [85.327427, 28.154268], [85.327457, 28.154258], [85.327463, 28.154292], [85.32747, 28.154333], [85.327496, 28.154363], [85.327534, 28.154394], [85.327568, 28.154363], [85.327585, 28.154351], [85.327618, 28.154348], [85.32763, 28.154358], [85.327636, 28.154375], [85.327632, 28.154391], [85.327619, 28.154425], [85.327607, 28.15446], [85.327628, 28.154473], [85.327662, 28.154492], [85.327672, 28.154523], [85.327732, 28.15456], [85.327768, 28.154572], [85.327746, 28.154617], [85.327763, 28.154659], [85.327779, 28.154667], [85.327818, 28.154668], [85.327822, 28.154689], [85.32783, 28.154717], [85.327898, 28.154804], [85.327911, 28.154874], [85.327943, 28.154913], [85.327961, 28.154898], [85.327957, 28.154869], [85.327967, 28.154847], [85.32799, 28.154833], [85.328011, 28.15489], [85.327992, 28.154909], [85.328017, 28.154936], [85.328015, 28.154963], [85.328019, 28.154991], [85.32807, 28.155031], [85.328099, 28.155086], [85.328092, 28.155121], [85.328094, 28.15516], [85.328082, 28.155188], [85.328099, 28.155236], [85.328118, 28.155278], [85.328037, 28.155384], [85.327991, 28.155414], [85.327936, 28.1554], [85.327864, 28.1554], [85.327811, 28.155379], [85.327767, 28.155374], [85.327738, 28.155375], [85.327696, 28.155397], [85.327654, 28.155397], [85.327578, 28.155392], [85.327541, 28.1554], [85.327534, 28.155444], [85.327502, 28.155476], [85.327472, 28.155504], [85.327433, 28.155522], [85.327432, 28.155569], [85.327402, 28.155614], [85.327366, 28.15563], [85.327355, 28.155658], [85.327325, 28.155699], [85.327307, 28.155667], [85.327295, 28.155603], [85.327273, 28.155553], [85.327252, 28.155609], [85.327274, 28.155668], [85.327202, 28.15566], [85.327183, 28.155677], [85.327171, 28.155713], [85.327144, 28.155672], [85.32711, 28.155671], [85.327082, 28.155674], [85.326992, 28.155679], [85.326943, 28.155702], [85.326873, 28.15576], [85.326934, 28.155867], [85.326951, 28.155861]], [[85.324822, 28.152275], [85.324796, 28.15229], [85.324775, 28.152269], [85.324785, 28.152249], [85.324759, 28.152224], [85.32477, 28.152193], [85.324793, 28.152171], [85.324818, 28.152154], [85.324848, 28.152178], [85.324863, 28.152222], [85.324873, 28.152249], [85.324889, 28.152283], [85.324886, 28.152312], [85.324843, 28.152299], [85.324822, 28.152275]]]]}}, {"type": "Feature", "properties": {"source": "Copernicus EMS EMSR927 AOI02", "event_type": "6-Mass Movement", "description": "Landslide", "detection_method": "Photo-interpretation", "area_ha": 129.360664, "layer": "copernicus_observed"}, "geometry": {"type": "MultiPolygon", "coordinates": [[[[85.379395, 28.278455], [85.379258, 28.278353], [85.37906, 28.2782], [85.378888, 28.278099], [85.378757, 28.277895], [85.378658, 28.277856], [85.378482, 28.277726], [85.378381, 28.277458], [85.378499, 28.277049], [85.378534, 28.276529], [85.37854, 28.276411], [85.378466, 28.276303], [85.378406, 28.276226], [85.378452, 28.276123], [85.37859, 28.276082], [85.378602, 28.275863], [85.378616, 28.275792], [85.378645, 28.275715], [85.37872, 28.27566], [85.378702, 28.275559], [85.378465, 28.275409], [85.378451, 28.275142], [85.378654, 28.274975], [85.378776, 28.274743], [85.378888, 28.274618], [85.378864, 28.274451], [85.378893, 28.274332], [85.378929, 28.274149], [85.378908, 28.274049], [85.378826, 28.273966], [85.378887, 28.273881], [85.378892, 28.273808], [85.378893, 28.273748], [85.378866, 28.273716], [85.378844, 28.273627], [85.378844, 28.273577], [85.378892, 28.273466], [85.378942, 28.273374], [85.378942, 28.27328], [85.379056, 28.273263], [85.379111, 28.2732], [85.379122, 28.273086], [85.379137, 28.273016], [85.379102, 28.272907], [85.37912, 28.272847], [85.379169, 28.272785], [85.379183, 28.272693], [85.379304, 28.272662], [85.37935, 28.272638], [85.379367, 28.272541], [85.379323, 28.272476], [85.37934, 28.272407], [85.379338, 28.272337], [85.379442, 28.272172], [85.379497, 28.272], [85.379565, 28.271892], [85.379567, 28.271812], [85.379484, 28.271768], [85.379429, 28.271716], [85.379429, 28.271608], [85.379447, 28.271531], [85.37946, 28.271494], [85.379486, 28.271419], [85.379612, 28.271329], [85.379677, 28.27131], [85.379708, 28.271329], [85.379714, 28.271317], [85.379714, 28.27103], [85.379716, 28.270867], [85.379565, 28.27038], [85.37953, 28.270372], [85.379441, 28.270311], [85.379273, 28.270211], [85.379193, 28.270119], [85.379134, 28.270038], [85.379083, 28.269891], [85.378994, 28.269826], [85.378946, 28.26977], [85.378891, 28.269666], [85.378855, 28.269616], [85.378825, 28.269534], [85.378759, 28.269468], [85.378682, 28.269407], [85.378656, 28.269381], [85.378567, 28.269292], [85.378463, 28.269229], [85.37833, 28.269144], [85.378254, 28.269032], [85.378183, 28.268895], [85.378147, 28.268786], [85.378161, 28.268733], [85.378146, 28.268668], [85.378128, 28.26854], [85.378098, 28.268379], [85.378148, 28.268259], [85.378171, 28.268153], [85.37813, 28.268088], [85.37799, 28.268103], [85.377958, 28.268013], [85.377908, 28.267951], [85.377887, 28.267911], [85.377827, 28.267871], [85.377807, 28.267788], [85.377728, 28.267743], [85.377713, 28.267682], [85.377644, 28.267654], [85.377613, 28.267682], [85.377598, 28.267631], [85.377566, 28.267573], [85.377483, 28.267548], [85.377405, 28.267483], [85.377369, 28.267406], [85.377266, 28.267379], [85.377216, 28.267321], [85.37723, 28.267147], [85.377203, 28.267087], [85.377176, 28.267014], [85.377154, 28.266974], [85.377115, 28.266927], [85.377027, 28.266869], [85.376978, 28.266758], [85.376889, 28.266654], [85.376874, 28.26661], [85.376886, 28.266464], [85.376968, 28.266352], [85.376985, 28.266265], [85.377011, 28.266202], [85.377021, 28.266173], [85.377053, 28.2661], [85.377114, 28.266023], [85.377118, 28.265897], [85.377077, 28.265804], [85.377132, 28.265737], [85.377256, 28.265743], [85.377536, 28.26575], [85.377822, 28.265797], [85.377961, 28.265726], [85.377786, 28.265475], [85.37708, 28.264543], [85.376927, 28.264363], [85.376822, 28.264325], [85.376704, 28.264335], [85.376577, 28.264346], [85.376412, 28.264318], [85.376381, 28.264203], [85.376299, 28.264137], [85.37625, 28.264119], [85.376179, 28.264114], [85.375995, 28.264123], [85.37584, 28.264061], [85.375817, 28.263986], [85.375733, 28.263939], [85.3757, 28.263897], [85.375656, 28.263896], [85.37559, 28.263956], [85.375404, 28.263967], [85.375291, 28.263927], [85.375079, 28.26387], [85.374843, 28.263712], [85.374748, 28.263625], [85.374611, 28.263506], [85.374582, 28.263405], [85.374488, 28.263293], [85.374301, 28.263031], [85.374123, 28.26282], [85.373921, 28.262439], [85.373712, 28.262199], [85.373595, 28.262105], [85.37356, 28.262011], [85.373495, 28.261888], [85.373506, 28.261799], [85.373528, 28.261784], [85.373442, 28.26155], [85.373321, 28.261425], [85.373215, 28.261342], [85.373067, 28.26134], [85.373067, 28.261297], [85.373055, 28.261236], [85.372966, 28.261217], [85.372881, 28.261214], [85.372835, 28.261184], [85.372775, 28.261171], [85.372772, 28.261083], [85.372745, 28.261065], [85.372706, 28.261066], [85.372587, 28.261018], [85.37253, 28.260888], [85.372434, 28.260736], [85.372454, 28.260672], [85.372367, 28.260621], [85.37226, 28.260543], [85.372202, 28.260491], [85.372209, 28.260356], [85.372197, 28.260347], [85.372134, 28.26033], [85.372095, 28.260267], [85.372006, 28.260203], [85.371913, 28.260132], [85.371893, 28.260024], [85.371826, 28.259981], [85.371702, 28.259953], [85.371666, 28.259851], [85.371568, 28.259808], [85.371509, 28.259775], [85.371481, 28.25973], [85.371418, 28.259697], [85.371391, 28.259646], [85.371363, 28.259625], [85.371277, 28.259521], [85.371192, 28.259435], [85.371071, 28.259397], [85.371027, 28.259345], [85.370909, 28.259307], [85.37083, 28.259269], [85.370797, 28.259261], [85.370713, 28.259175], [85.370629, 28.259124], [85.370507, 28.259148], [85.370448, 28.259095], [85.37032, 28.258992], [85.370196, 28.258906], [85.369926, 28.258682], [85.36971, 28.258626], [85.369698, 28.258682], [85.369661, 28.258679], [85.369604, 28.258656], [85.36949, 28.258634], [85.369382, 28.258599], [85.369284, 28.258532], [85.369215, 28.258481], [85.369093, 28.258395], [85.369027, 28.258339], [85.368975, 28.258327], [85.368928, 28.258318], [85.368721, 28.258267], [85.368611, 28.258297], [85.368578, 28.258288], [85.36846, 28.258149], [85.368342, 28.258079], [85.368258, 28.258004], [85.368086, 28.257849], [85.367906, 28.257731], [85.367835, 28.257653], [85.367718, 28.257528], [85.36762, 28.257377], [85.36758, 28.257336], [85.3675, 28.257241], [85.36747, 28.257236], [85.367419, 28.257208], [85.367394, 28.257143], [85.367339, 28.257046], [85.367314, 28.257022], [85.367274, 28.256997], [85.367234, 28.256943], [85.367226, 28.256876], [85.367235, 28.256756], [85.367217, 28.256724], [85.367184, 28.256675], [85.367132, 28.256638], [85.367113, 28.256598], [85.367099, 28.25656], [85.367083, 28.256494], [85.367068, 28.256394], [85.367035, 28.256329], [85.36702, 28.256266], [85.367015, 28.256237], [85.367031, 28.256209], [85.367051, 28.256147], [85.367054, 28.256052], [85.367024, 28.255889], [85.367006, 28.255784], [85.367048, 28.255613], [85.367061, 28.255551], [85.367079, 28.255512], [85.367126, 28.255461], [85.367176, 28.255417], [85.367224, 28.255348], [85.367246, 28.255287], [85.367246, 28.25522], [85.367239, 28.255194], [85.36726, 28.255131], [85.367314, 28.255043], [85.367325, 28.254997], [85.36733, 28.254976], [85.367312, 28.254927], [85.367249, 28.254832], [85.367224, 28.254767], [85.367216, 28.254729], [85.367203, 28.254723], [85.367175, 28.254708], [85.367162, 28.254688], [85.367158, 28.25466], [85.367169, 28.254637], [85.367158, 28.254619], [85.367167, 28.254588], [85.367178, 28.254532], [85.367174, 28.254352], [85.367149, 28.254261], [85.367139, 28.254198], [85.367168, 28.254144], [85.367162, 28.254097], [85.36715, 28.254073], [85.36714, 28.254087], [85.367121, 28.254061], [85.367123, 28.253982], [85.367121, 28.253898], [85.367117, 28.253821], [85.367125, 28.253706], [85.367125, 28.253663], [85.367075, 28.253603], [85.367052, 28.253584], [85.367054, 28.253564], [85.367029, 28.253473], [85.36701, 28.253393], [85.366994, 28.253331], [85.366978, 28.253258], [85.366974, 28.253134], [85.367005, 28.253018], [85.367008, 28.252973], [85.367014, 28.252965], [85.367012, 28.252889], [85.367007, 28.252852], [85.366997, 28.252758], [85.366988, 28.252677], [85.367013, 28.252618], [85.367068, 28.252563], [85.367095, 28.252497], [85.367117, 28.252448], [85.367158, 28.252397], [85.367178, 28.252354], [85.367176, 28.252333], [85.367164, 28.252331], [85.367117, 28.252325], [85.367038, 28.252294], [85.367027, 28.252246], [85.367037, 28.252163], [85.367029, 28.252114], [85.367065, 28.252082], [85.3671, 28.252053], [85.367113, 28.251956], [85.367106, 28.25193], [85.36709, 28.251896], [85.367093, 28.251864], [85.367094, 28.251778], [85.367088, 28.251721], [85.367058, 28.251672], [85.36704, 28.251633], [85.367065, 28.25162], [85.367072, 28.251586], [85.367052, 28.251558], [85.367005, 28.251532], [85.366966, 28.251481], [85.366986, 28.251399], [85.366984, 28.251335], [85.366948, 28.251286], [85.366893, 28.251252], [85.366888, 28.251231], [85.3669, 28.251201], [85.366958, 28.251189], [85.366983, 28.251133], [85.366956, 28.251107], [85.366933, 28.25107], [85.366941, 28.251045], [85.366935, 28.251016], [85.366954, 28.250927], [85.366965, 28.250871], [85.366966, 28.250844], [85.366972, 28.250763], [85.367015, 28.250708], [85.367046, 28.250698], [85.367095, 28.250651], [85.367157, 28.250656], [85.367251, 28.250636], [85.367282, 28.250608], [85.367298, 28.25059], [85.367281, 28.250568], [85.367315, 28.25055], [85.367311, 28.250485], [85.367271, 28.250464], [85.367185, 28.25047], [85.367091, 28.250482], [85.366913, 28.250454], [85.366832, 28.250411], [85.366809, 28.250357], [85.36676, 28.250293], [85.366748, 28.250225], [85.366787, 28.250153], [85.36682, 28.250085], [85.366743, 28.250008], [85.366629, 28.249993], [85.366583, 28.249939], [85.366587, 28.249904], [85.366604, 28.249864], [85.366557, 28.249835], [85.366495, 28.249816], [85.3665, 28.249746], [85.366467, 28.249723], [85.366431, 28.249612], [85.366434, 28.249568], [85.366359, 28.249452], [85.366313, 28.249388], [85.366346, 28.249344], [85.366298, 28.249286], [85.366285, 28.249258], [85.366298, 28.249205], [85.366254, 28.249175], [85.36618, 28.249033], [85.366133, 28.248942], [85.366144, 28.248878], [85.366126, 28.248816], [85.366106, 28.248717], [85.366077, 28.248683], [85.366042, 28.248642], [85.366031, 28.248536], [85.366001, 28.2485], [85.365945, 28.248444], [85.365914, 28.248354], [85.365866, 28.248305], [85.365837, 28.248256], [85.365786, 28.248211], [85.365733, 28.24811], [85.365663, 28.248045], [85.365573, 28.247933], [85.365544, 28.247885], [85.365489, 28.247787], [85.36543, 28.247732], [85.365327, 28.247684], [85.36529, 28.247631], [85.365232, 28.247534], [85.365143, 28.247473], [85.365093, 28.24745], [85.365052, 28.247433], [85.365016, 28.247424], [85.364947, 28.247379], [85.364912, 28.247358], [85.36466, 28.247174], [85.364563, 28.247068], [85.364566, 28.246977], [85.364531, 28.246916], [85.364544, 28.246868], [85.364513, 28.246783], [85.364463, 28.246759], [85.364399, 28.246733], [85.364357, 28.246678], [85.364222, 28.246569], [85.364112, 28.246447], [85.363923, 28.24625], [85.36383, 28.246085], [85.363782, 28.245861], [85.363631, 28.245782], [85.363561, 28.245593], [85.36337, 28.245349], [85.363355, 28.245253], [85.363326, 28.245205], [85.36333, 28.24514], [85.363304, 28.245083], [85.363237, 28.24504], [85.363217, 28.24505], [85.363089, 28.245045], [85.363016, 28.245017], [85.363, 28.244971], [85.36291, 28.244916], [85.362827, 28.244909], [85.362777, 28.244884], [85.362696, 28.244887], [85.362599, 28.244847], [85.362587, 28.2448], [85.362569, 28.244771], [85.362491, 28.244722], [85.362374, 28.244694], [85.36228, 28.244645], [85.362245, 28.244591], [85.362204, 28.244549], [85.362137, 28.244527], [85.362084, 28.244506], [85.362058, 28.244441], [85.362059, 28.244399], [85.36199, 28.244369], [85.361912, 28.244367], [85.361852, 28.244373], [85.361776, 28.244352], [85.36172, 28.244339], [85.36165, 28.244301], [85.361583, 28.244236], [85.361515, 28.244236], [85.361396, 28.244192], [85.361284, 28.244166], [85.361188, 28.244152], [85.361147, 28.244181], [85.361037, 28.244174], [85.36097, 28.244095], [85.360939, 28.244057], [85.360871, 28.244017], [85.360732, 28.243923], [85.36052, 28.243799], [85.36049, 28.24373], [85.360367, 28.243582], [85.360358, 28.243553], [85.360327, 28.24348], [85.360108, 28.243376], [85.360014, 28.243321], [85.359957, 28.24324], [85.359909, 28.243163], [85.359852, 28.243084], [85.359834, 28.243036], [85.359756, 28.242955], [85.359711, 28.24286], [85.35964, 28.2428], [85.359621, 28.242765], [85.359663, 28.242725], [85.359702, 28.24268], [85.359712, 28.242621], [85.359724, 28.24256], [85.359728, 28.242491], [85.359427, 28.242384], [85.358774, 28.242662], [85.357506, 28.243302], [85.357593, 28.243354], [85.357619, 28.243358], [85.357639, 28.243382], [85.357667, 28.243442], [85.357712, 28.243482], [85.357769, 28.243559], [85.357869, 28.243692], [85.357925, 28.243812], [85.35801, 28.243896], [85.358235, 28.243973], [85.35824, 28.244021], [85.358215, 28.244107], [85.358236, 28.244123], [85.358272, 28.244105], [85.358305, 28.244101], [85.358346, 28.244157], [85.358369, 28.244217], [85.358398, 28.244214], [85.35843, 28.244249], [85.358424, 28.244289], [85.358391, 28.244317], [85.358417, 28.244373], [85.358477, 28.24437], [85.358542, 28.244351], [85.358578, 28.244348], [85.358584, 28.244375], [85.358569, 28.244433], [85.358506, 28.244518], [85.358437, 28.244561], [85.358411, 28.244637], [85.358361, 28.244671], [85.358276, 28.244696], [85.358226, 28.24477], [85.358198, 28.244788], [85.358198, 28.244815], [85.358261, 28.244803], [85.35839, 28.244823], [85.358446, 28.244847], [85.358507, 28.244832], [85.358516, 28.24473], [85.358548, 28.244705], [85.358633, 28.244692], [85.358656, 28.244619], [85.358769, 28.244571], [85.35882, 28.244609], [85.358859, 28.244593], [85.35888, 28.244523], [85.358951, 28.24459], [85.358957, 28.244665], [85.358951, 28.244707], [85.359049, 28.244775], [85.359064, 28.244867], [85.359127, 28.244941], [85.359267, 28.244965], [85.359305, 28.24492], [85.359417, 28.244918], [85.359412, 28.244973], [85.35944, 28.245008], [85.359523, 28.245117], [85.359587, 28.245235], [85.359705, 28.245207], [85.359747, 28.245212], [85.359814, 28.245301], [85.359941, 28.245391], [85.360124, 28.245449], [85.360224, 28.245506], [85.360275, 28.245609], [85.360361, 28.245701], [85.360502, 28.245782], [85.360517, 28.245839], [85.360573, 28.245885], [85.360625, 28.24596], [85.360663, 28.24605], [85.360736, 28.24608], [85.360884, 28.246026], [85.36093, 28.24615], [85.361044, 28.246337], [85.361152, 28.246338], [85.3612, 28.246286], [85.361359, 28.246342], [85.361433, 28.246472], [85.361479, 28.24664], [85.361514, 28.246665], [85.361589, 28.246656], [85.361615, 28.246797], [85.361661, 28.246834], [85.361683, 28.24689], [85.361785, 28.246868], [85.361958, 28.246881], [85.362027, 28.246932], [85.362133, 28.246926], [85.362196, 28.246954], [85.362265, 28.247029], [85.362401, 28.247171], [85.362424, 28.247192], [85.362462, 28.247276], [85.362544, 28.247401], [85.362647, 28.247645], [85.362703, 28.247762], [85.362746, 28.247931], [85.362759, 28.248107], [85.362779, 28.248198], [85.362794, 28.248233], [85.362843, 28.248348], [85.362972, 28.248509], [85.363037, 28.248629], [85.363128, 28.248732], [85.363261, 28.248782], [85.363382, 28.248841], [85.363461, 28.248934], [85.363622, 28.249228], [85.363789, 28.249223], [85.363821, 28.249312], [85.363824, 28.249637], [85.363802, 28.250013], [85.363664, 28.25006], [85.363785, 28.250146], [85.363824, 28.250262], [85.363771, 28.250509], [85.363831, 28.250642], [85.36384, 28.250741], [85.363806, 28.250939], [85.363845, 28.251141], [85.363802, 28.251189], [85.363768, 28.25124], [85.363723, 28.251399], [85.363563, 28.251645], [85.363489, 28.251788], [85.363422, 28.251878], [85.363388, 28.251919], [85.363353, 28.251967], [85.363327, 28.251993], [85.363288, 28.252014], [85.363224, 28.252071], [85.363089, 28.252086], [85.363058, 28.252088], [85.363009, 28.252091], [85.362941, 28.252092], [85.362773, 28.252161], [85.362696, 28.252208], [85.362555, 28.252249], [85.362524, 28.252242], [85.362462, 28.252265], [85.362414, 28.252302], [85.362416, 28.252343], [85.362462, 28.252377], [85.362473, 28.252426], [85.362438, 28.252467], [85.362384, 28.25245], [85.362344, 28.252439], [85.362315, 28.252452], [85.362303, 28.252478], [85.362307, 28.252524], [85.362317, 28.252558], [85.362298, 28.25259], [85.362284, 28.252635], [85.362301, 28.252672], [85.362354, 28.252688], [85.36241, 28.252652], [85.362455, 28.252629], [85.36249, 28.252673], [85.362525, 28.252712], [85.362587, 28.25271], [85.362662, 28.252684], [85.362733, 28.252696], [85.362804, 28.252688], [85.362856, 28.252684], [85.362912, 28.252672], [85.36294, 28.252628], [85.362944, 28.252577], [85.362983, 28.252581], [85.363026, 28.252601], [85.363087, 28.252625], [85.363111, 28.252638], [85.363136, 28.252623], [85.363172, 28.252628], [85.36326, 28.252628], [85.363365, 28.252616], [85.363484, 28.252609], [85.363516, 28.252601], [85.363571, 28.252594], [85.363616, 28.252603], [85.36364, 28.252636], [85.363611, 28.252688], [85.3636, 28.252741], [85.363627, 28.252782], [85.363686, 28.252815], [85.363732, 28.252861], [85.363748, 28.252847], [85.363771, 28.252828], [85.363803, 28.252808], [85.363828, 28.252823], [85.363813, 28.252907], [85.363795, 28.252933], [85.363776, 28.253005], [85.363774, 28.253071], [85.363774, 28.253203], [85.363792, 28.253326], [85.363798, 28.25339], [85.363797, 28.253405], [85.363787, 28.25381], [85.363813, 28.253951], [85.363868, 28.254021], [85.363849, 28.254055], [85.363886, 28.254268], [85.363856, 28.254408], [85.363882, 28.254589], [85.363865, 28.254735], [85.363789, 28.254898], [85.363704, 28.255086], [85.36364, 28.255316], [85.363719, 28.255724], [85.363848, 28.255919], [85.363885, 28.256133], [85.363906, 28.256356], [85.364091, 28.25644], [85.364125, 28.256602], [85.36414, 28.256682], [85.364088, 28.256774], [85.364037, 28.25684], [85.364023, 28.256976], [85.364099, 28.257107], [85.364101, 28.257217], [85.364156, 28.257298], [85.36418, 28.257349], [85.364233, 28.257417], [85.364304, 28.257495], [85.364416, 28.257567], [85.364561, 28.257637], [85.364629, 28.2577], [85.364721, 28.257771], [85.36462, 28.257806], [85.364506, 28.257887], [85.364526, 28.257989], [85.364768, 28.2581], [85.365006, 28.258227], [85.365065, 28.258237], [85.365079, 28.258305], [85.365066, 28.258353], [85.365125, 28.258408], [85.365299, 28.258481], [85.365442, 28.258549], [85.365572, 28.258574], [85.365726, 28.258606], [85.365759, 28.258719], [85.365795, 28.258776], [85.365851, 28.258763], [85.365887, 28.258733], [85.365941, 28.258742], [85.365992, 28.258777], [85.366048, 28.258839], [85.36621, 28.258902], [85.366316, 28.258967], [85.366319, 28.259097], [85.366436, 28.259071], [85.366526, 28.259259], [85.366682, 28.259415], [85.366938, 28.259542], [85.367099, 28.259615], [85.36724, 28.259681], [85.367321, 28.259959], [85.367371, 28.260054], [85.367386, 28.260094], [85.36743, 28.260119], [85.367533, 28.260163], [85.367554, 28.260204], [85.367828, 28.260292], [85.367874, 28.260328], [85.367995, 28.260354], [85.368064, 28.260343], [85.368221, 28.260313], [85.368308, 28.260273], [85.368601, 28.260238], [85.368635, 28.260227], [85.368902, 28.260305], [85.369191, 28.260365], [85.36931, 28.260585], [85.369341, 28.260732], [85.369462, 28.260848], [85.369591, 28.260857], [85.370019, 28.26085], [85.370079, 28.260935], [85.370175, 28.260997], [85.370281, 28.261077], [85.3703, 28.2613], [85.37041, 28.261306], [85.370554, 28.261371], [85.370604, 28.261541], [85.370627, 28.261627], [85.370614, 28.26176], [85.370717, 28.261768], [85.370808, 28.261915], [85.370922, 28.261929], [85.370965, 28.261926], [85.370994, 28.261992], [85.370978, 28.262068], [85.370987, 28.262159], [85.371003, 28.262249], [85.371013, 28.262286], [85.371059, 28.262354], [85.371032, 28.262468], [85.371022, 28.262513], [85.371036, 28.262534], [85.371079, 28.262537], [85.371122, 28.262639], [85.371147, 28.262698], [85.371216, 28.262777], [85.371269, 28.262835], [85.371295, 28.262837], [85.371371, 28.262955], [85.371358, 28.263099], [85.371385, 28.263209], [85.371422, 28.263381], [85.371528, 28.263593], [85.371477, 28.263669], [85.371424, 28.263842], [85.37138, 28.263965], [85.371343, 28.264161], [85.371182, 28.264254], [85.371008, 28.264422], [85.37095, 28.264539], [85.370936, 28.264585], [85.370968, 28.264624], [85.371039, 28.264609], [85.371142, 28.264563], [85.371262, 28.264493], [85.371429, 28.264412], [85.371571, 28.264361], [85.371637, 28.264384], [85.371703, 28.26442], [85.371787, 28.264478], [85.371814, 28.264625], [85.37193, 28.264746], [85.371935, 28.264899], [85.371922, 28.264937], [85.371932, 28.265105], [85.371952, 28.265207], [85.371999, 28.265314], [85.372111, 28.2653], [85.372313, 28.265331], [85.372392, 28.26541], [85.372679, 28.265576], [85.37277, 28.265622], [85.372767, 28.265696], [85.372744, 28.265766], [85.372702, 28.265803], [85.372782, 28.265962], [85.373089, 28.26612], [85.373114, 28.266156], [85.373218, 28.266244], [85.37331, 28.266313], [85.373386, 28.26632], [85.373445, 28.266313], [85.373499, 28.26632], [85.373567, 28.266442], [85.373614, 28.266533], [85.373717, 28.266655], [85.373844, 28.266692], [85.373888, 28.266694], [85.373909, 28.266691], [85.374046, 28.266673], [85.374314, 28.266704], [85.374406, 28.266765], [85.374441, 28.266791], [85.37457, 28.266862], [85.374583, 28.266958], [85.374658, 28.267028], [85.374741, 28.267114], [85.374821, 28.267134], [85.374892, 28.267154], [85.374933, 28.267202], [85.37502, 28.267308], [85.375011, 28.267495], [85.375047, 28.267524], [85.375112, 28.267597], [85.375146, 28.267762], [85.375136, 28.267788], [85.375047, 28.26794], [85.375034, 28.268032], [85.37507, 28.268274], [85.375111, 28.268425], [85.375185, 28.268538], [85.375288, 28.268745], [85.375318, 28.26878], [85.375413, 28.268868], [85.375543, 28.268983], [85.375637, 28.268961], [85.375637, 28.269154], [85.375692, 28.269225], [85.375759, 28.269505], [85.375757, 28.269655], [85.375703, 28.269802], [85.37572, 28.270012], [85.375618, 28.270096], [85.375514, 28.270143], [85.375545, 28.270232], [85.375634, 28.270402], [85.375756, 28.270586], [85.375669, 28.270699], [85.375657, 28.270772], [85.375736, 28.270888], [85.375916, 28.270953], [85.375964, 28.27107], [85.37591, 28.271157], [85.37576, 28.271158], [85.375731, 28.271236], [85.375787, 28.271289], [85.375897, 28.271424], [85.376186, 28.271616], [85.376204, 28.271808], [85.376174, 28.272024], [85.376161, 28.272269], [85.376122, 28.272823], [85.376036, 28.273016], [85.376056, 28.273217], [85.375928, 28.27355], [85.375904, 28.273782], [85.375824, 28.273999], [85.375708, 28.274194], [85.375726, 28.274389], [85.375612, 28.274516], [85.375432, 28.274701], [85.375286, 28.274726], [85.37516, 28.27488], [85.375337, 28.274974], [85.375507, 28.275338], [85.37552, 28.27553], [85.375572, 28.275645], [85.375521, 28.275834], [85.375545, 28.276044], [85.375464, 28.276172], [85.375466, 28.276287], [85.375367, 28.276384], [85.375328, 28.276389], [85.375249, 28.27643], [85.375232, 28.276542], [85.375358, 28.276619], [85.375412, 28.276684], [85.375545, 28.276817], [85.375647, 28.276947], [85.375794, 28.277023], [85.375861, 28.277171], [85.375828, 28.277339], [85.375887, 28.277558], [85.375921, 28.27773], [85.37585, 28.277987], [85.375703, 28.278133], [85.375681, 28.278243], [85.375741, 28.278314], [85.375696, 28.278492], [85.375606, 28.278573], [85.375608, 28.278737], [85.375627, 28.278922], [85.375684, 28.278988], [85.375759, 28.279007], [85.375785, 28.279054], [85.375766, 28.279157], [85.375879, 28.279227], [85.375814, 28.279394], [85.376991, 28.278846], [85.377435, 28.278155], [85.378663, 28.278874], [85.379508, 28.278516], [85.379395, 28.278455]]]]}}, {"type": "Feature", "properties": {"source": "Copernicus EMS EMSR927 AOI03", "event_type": "6-Mass Movement", "description": "Landslide", "detection_method": "Photo-interpretation", "area_ha": 559.826033, "layer": "copernicus_observed"}, "geometry": {"type": "MultiPolygon", "coordinates": [[[[85.192632, 27.975497], [85.192455, 27.975433], [85.192292, 27.975453], [85.192167, 27.975378], [85.192037, 27.975303], [85.19155, 27.975219], [85.191291, 27.975156], [85.191554, 27.975187], [85.191968, 27.975245], [85.191817, 27.975121], [85.191864, 27.974982], [85.191724, 27.97487], [85.191609, 27.974804], [85.191387, 27.974811], [85.190962, 27.974877], [85.190836, 27.97493], [85.190802, 27.975065], [85.190945, 27.97516], [85.191152, 27.97512], [85.191106, 27.975209], [85.190596, 27.97532], [85.190327, 27.975567], [85.190207, 27.975278], [85.190254, 27.974918], [85.190181, 27.97462], [85.189992, 27.9744], [85.18986, 27.974129], [85.189592, 27.973922], [85.189349, 27.973798], [85.189211, 27.97362], [85.189068, 27.973424], [85.188705, 27.973284], [85.18824, 27.973301], [85.187935, 27.97314], [85.187523, 27.973125], [85.18708, 27.973105], [85.186653, 27.972998], [85.186315, 27.972933], [85.186259, 27.973164], [85.186047, 27.973351], [85.185762, 27.97326], [85.185776, 27.973033], [85.185584, 27.972904], [85.185519, 27.9728], [85.18556, 27.972641], [85.185674, 27.972615], [85.185788, 27.97262], [85.185793, 27.972347], [85.185725, 27.972045], [85.185724, 27.971787], [85.185647, 27.971721], [85.185877, 27.971466], [85.186081, 27.971302], [85.186283, 27.971093], [85.186231, 27.970891], [85.186289, 27.970748], [85.186183, 27.970563], [85.185972, 27.970325], [85.185681, 27.970184], [85.185454, 27.970024], [85.185276, 27.970047], [85.185024, 27.969943], [85.184808, 27.969709], [85.184782, 27.96931], [85.184405, 27.968943], [85.183828, 27.968827], [85.18326, 27.96866], [85.182788, 27.96856], [85.182136, 27.968435], [85.181861, 27.968339], [85.181576, 27.968383], [85.181371, 27.968434], [85.181142, 27.968386], [85.181014, 27.968435], [85.180955, 27.968324], [85.180988, 27.968176], [85.180913, 27.968083], [85.180746, 27.968078], [85.180638, 27.967961], [85.180455, 27.967888], [85.180287, 27.967773], [85.180165, 27.967644], [85.18004, 27.967529], [85.179848, 27.967435], [85.17935, 27.967404], [85.179095, 27.967187], [85.179074, 27.967065], [85.178918, 27.967036], [85.178888, 27.966968], [85.1789, 27.966891], [85.178801, 27.96686], [85.178759, 27.966812], [85.178742, 27.966807], [85.178652, 27.966816], [85.178589, 27.96677], [85.178339, 27.96659], [85.178083, 27.966603], [85.177927, 27.96659], [85.177812, 27.966473], [85.177698, 27.966295], [85.177304, 27.966297], [85.177038, 27.966506], [85.176711, 27.96654], [85.176636, 27.966371], [85.17631, 27.966393], [85.176007, 27.966444], [85.175757, 27.966255], [85.175509, 27.966288], [85.175318, 27.966288], [85.175234, 27.966132], [85.174967, 27.966173], [85.174627, 27.966318], [85.174376, 27.966194], [85.174265, 27.966162], [85.174083, 27.965944], [85.174035, 27.965628], [85.173928, 27.965363], [85.173909, 27.964762], [85.173687, 27.964612], [85.17341, 27.964682], [85.173221, 27.964822], [85.172936, 27.96471], [85.172794, 27.964462], [85.172771, 27.964128], [85.172598, 27.96384], [85.1727, 27.963504], [85.172679, 27.963313], [85.17286, 27.963072], [85.173189, 27.963027], [85.173225, 27.962971], [85.173074, 27.962874], [85.172936, 27.962833], [85.172998, 27.962717], [85.172876, 27.962609], [85.172705, 27.962587], [85.172736, 27.96253], [85.172684, 27.962416], [85.172558, 27.962291], [85.172453, 27.9622], [85.172371, 27.962083], [85.172276, 27.961959], [85.172066, 27.961878], [85.171937, 27.961855], [85.172027, 27.961739], [85.172026, 27.961619], [85.171875, 27.961534], [85.171866, 27.961367], [85.171803, 27.961275], [85.17167, 27.961166], [85.171617, 27.961009], [85.171356, 27.960815], [85.171127, 27.960463], [85.170983, 27.960281], [85.170797, 27.960021], [85.170631, 27.959786], [85.17046, 27.959595], [85.170249, 27.959348], [85.17024, 27.959067], [85.170185, 27.958781], [85.169828, 27.958703], [85.169553, 27.958711], [85.169226, 27.958768], [85.169143, 27.958696], [85.169056, 27.958604], [85.168985, 27.958477], [85.168857, 27.958475], [85.168904, 27.958377], [85.169073, 27.958293], [85.169026, 27.95824], [85.168985, 27.958135], [85.169025, 27.958011], [85.169013, 27.957844], [85.168952, 27.957653], [85.168697, 27.95743], [85.168153, 27.957287], [85.167929, 27.957204], [85.168072, 27.957094], [85.168056, 27.957018], [85.16801, 27.956947], [85.167926, 27.95688], [85.167667, 27.956901], [85.167572, 27.956945], [85.167568, 27.956833], [85.167436, 27.956803], [85.167408, 27.956681], [85.167429, 27.956562], [85.167227, 27.956536], [85.167058, 27.956504], [85.166893, 27.956397], [85.166738, 27.956342], [85.166628, 27.956315], [85.1667, 27.956435], [85.166841, 27.956552], [85.166727, 27.956579], [85.166556, 27.95648], [85.166379, 27.956339], [85.16609, 27.956196], [85.165611, 27.956012], [85.165477, 27.95604], [85.165379, 27.956033], [85.165424, 27.955935], [85.16528, 27.955859], [85.165082, 27.955902], [85.16484, 27.955817], [85.164725, 27.955799], [85.164582, 27.955766], [85.164603, 27.955664], [85.164584, 27.955552], [85.164603, 27.955395], [85.164502, 27.955226], [85.164415, 27.955062], [85.164447, 27.955023], [85.164678, 27.955291], [85.164761, 27.955418], [85.164805, 27.955338], [85.164598, 27.955085], [85.164521, 27.954851], [85.164579, 27.954751], [85.164617, 27.954656], [85.164529, 27.954565], [85.164486, 27.954485], [85.164447, 27.954353], [85.164317, 27.954294], [85.16425, 27.954065], [85.164091, 27.953823], [85.164031, 27.953596], [85.163953, 27.953278], [85.163817, 27.952843], [85.163758, 27.952599], [85.16379, 27.95225], [85.163822, 27.951962], [85.163754, 27.951614], [85.16373, 27.951285], [85.163767, 27.95103], [85.163741, 27.950819], [85.16382, 27.950503], [85.163864, 27.950281], [85.163929, 27.949983], [85.163853, 27.949703], [85.163911, 27.949469], [85.163993, 27.949174], [85.164107, 27.948917], [85.164141, 27.948695], [85.164112, 27.948443], [85.164027, 27.948299], [85.16388, 27.948134], [85.163847, 27.947917], [85.163804, 27.947712], [85.163663, 27.947517], [85.163613, 27.947309], [85.163408, 27.947217], [85.163296, 27.947115], [85.16326, 27.946877], [85.163203, 27.946707], [85.16304, 27.946646], [85.162919, 27.946481], [85.162791, 27.946364], [85.162771, 27.946171], [85.16272, 27.946046], [85.162638, 27.945929], [85.16253, 27.945779], [85.162503, 27.945604], [85.16256, 27.945406], [85.162486, 27.945254], [85.162372, 27.945101], [85.162334, 27.944943], [85.162236, 27.944805], [85.162243, 27.944624], [85.162165, 27.944451], [85.162041, 27.944301], [85.162038, 27.944076], [85.161964, 27.943909], [85.161843, 27.943798], [85.161805, 27.943655], [85.161801, 27.943474], [85.161745, 27.943227], [85.161658, 27.943033], [85.161558, 27.942827], [85.161488, 27.942651], [85.161335, 27.942421], [85.161189, 27.942175], [85.161178, 27.941991], [85.16104, 27.941883], [85.160933, 27.941697], [85.160783, 27.941509], [85.160736, 27.941303], [85.160679, 27.941128], [85.160572, 27.940922], [85.160572, 27.940735], [85.160598, 27.940587], [85.160581, 27.940417], [85.160584, 27.940245], [85.160436, 27.940107], [85.160386, 27.939902], [85.160345, 27.939717], [85.160314, 27.939589], [85.160028, 27.939499], [85.160058, 27.939337], [85.159833, 27.939308], [85.159576, 27.939055], [85.159488, 27.93896], [85.159452, 27.93883], [85.159085, 27.93853], [85.158211, 27.937952], [85.158013, 27.937778], [85.157926, 27.937688], [85.157698, 27.937154], [85.157624, 27.936359], [85.157508, 27.936369], [85.157471, 27.936296], [85.157445, 27.936181], [85.157459, 27.936098], [85.157433, 27.936011], [85.157508, 27.93594], [85.157497, 27.935823], [85.157481, 27.935696], [85.157468, 27.935592], [85.157439, 27.935504], [85.15742, 27.935415], [85.157373, 27.935327], [85.157327, 27.935191], [85.157291, 27.935077], [85.157252, 27.934993], [85.157216, 27.934848], [85.157162, 27.934737], [85.157106, 27.934594], [85.157003, 27.934529], [85.156944, 27.934425], [85.156827, 27.934223], [85.156762, 27.934106], [85.156692, 27.933985], [85.15646, 27.933848], [85.156331, 27.933719], [85.156193, 27.933604], [85.156209, 27.933513], [85.156169, 27.933419], [85.15612, 27.933311], [85.156078, 27.933225], [85.155986, 27.933133], [85.155888, 27.933071], [85.155789, 27.93297], [85.155552, 27.932738], [85.155386, 27.932445], [85.154738, 27.93169], [85.154352, 27.931517], [85.154213, 27.931433], [85.154335, 27.931292], [85.154411, 27.931116], [85.154513, 27.930952], [85.154556, 27.930793], [85.154415, 27.930594], [85.153367, 27.930299], [85.153128, 27.930312], [85.153129, 27.930488], [85.152604, 27.930269], [85.152305, 27.930301], [85.152165, 27.930327], [85.151926, 27.930292], [85.151698, 27.930176], [85.151428, 27.930325], [85.151349, 27.930491], [85.151277, 27.93061], [85.151092, 27.930788], [85.15097, 27.93072], [85.150717, 27.930183], [85.150798, 27.929944], [85.150797, 27.929739], [85.150819, 27.929522], [85.150628, 27.929337], [85.15072, 27.929192], [85.150915, 27.928894], [85.150982, 27.928662], [85.151018, 27.928519], [85.150995, 27.928451], [85.150998, 27.928361], [85.150963, 27.92822], [85.151074, 27.928002], [85.151089, 27.927939], [85.151167, 27.927939], [85.151206, 27.927977], [85.15128, 27.927948], [85.151263, 27.927836], [85.151297, 27.927765], [85.151344, 27.927719], [85.151379, 27.927651], [85.151326, 27.927569], [85.151344, 27.927501], [85.151404, 27.927454], [85.151409, 27.927375], [85.151405, 27.927299], [85.151489, 27.927259], [85.151576, 27.92729], [85.15169, 27.927278], [85.151631, 27.927171], [85.151555, 27.927121], [85.151604, 27.926922], [85.151782, 27.926847], [85.151868, 27.926713], [85.151792, 27.926619], [85.151837, 27.926508], [85.151876, 27.926435], [85.151954, 27.926368], [85.152015, 27.926267], [85.151989, 27.925919], [85.151801, 27.925385], [85.151766, 27.924699], [85.151766, 27.92391], [85.151698, 27.923498], [85.151554, 27.922652], [85.151473, 27.922559], [85.151511, 27.922464], [85.151416, 27.922326], [85.151325, 27.922278], [85.151272, 27.922224], [85.151269, 27.922144], [85.151084, 27.921985], [85.150942, 27.921887], [85.150813, 27.921744], [85.150521, 27.921661], [85.150306, 27.921626], [85.149999, 27.921542], [85.149843, 27.921434], [85.149776, 27.921305], [85.149246, 27.920969], [85.149039, 27.920846], [85.148954, 27.920733], [85.148744, 27.920603], [85.14859, 27.920654], [85.148191, 27.920726], [85.147985, 27.920691], [85.147799, 27.920577], [85.147663, 27.920437], [85.147508, 27.920265], [85.14726, 27.920062], [85.147073, 27.919969], [85.14625, 27.919583], [85.146107, 27.919584], [85.145967, 27.919561], [85.145844, 27.919546], [85.145774, 27.919441], [85.145626, 27.919381], [85.145451, 27.919296], [85.145304, 27.919111], [85.145168, 27.919029], [85.14494, 27.918915], [85.144625, 27.918605], [85.144492, 27.918507], [85.144376, 27.918453], [85.144264, 27.91852], [85.144319, 27.918646], [85.144228, 27.91869], [85.144173, 27.918596], [85.144017, 27.918555], [85.143922, 27.918512], [85.143751, 27.918471], [85.143646, 27.918415], [85.143539, 27.918317], [85.143387, 27.918221], [85.143268, 27.918044], [85.143233, 27.917976], [85.143184, 27.917917], [85.143126, 27.917843], [85.143012, 27.917867], [85.142874, 27.917903], [85.142753, 27.91783], [85.142317, 27.917569], [85.142185, 27.917511], [85.142089, 27.917442], [85.141969, 27.917387], [85.141793, 27.917371], [85.141681, 27.917324], [85.141564, 27.917236], [85.14157, 27.917093], [85.141438, 27.917071], [85.141352, 27.91709], [85.141051, 27.916949], [85.140941, 27.916857], [85.140716, 27.916734], [85.140458, 27.916627], [85.140327, 27.916551], [85.140219, 27.916419], [85.140106, 27.916341], [85.139968, 27.916343], [85.139622, 27.916106], [85.13941, 27.915891], [85.139301, 27.91574], [85.139147, 27.915709], [85.139018, 27.915591], [85.139021, 27.915458], [85.138693, 27.915268], [85.138599, 27.91532], [85.138692, 27.915479], [85.138479, 27.915445], [85.138302, 27.915335], [85.138244, 27.915144], [85.13812, 27.915038], [85.137961, 27.914889], [85.13786, 27.914709], [85.137554, 27.914496], [85.137223, 27.914468], [85.137064, 27.914362], [85.13658, 27.913844], [85.136536, 27.913588], [85.136626, 27.913198], [85.136799, 27.913044], [85.136872, 27.91295], [85.136963, 27.912835], [85.137033, 27.912637], [85.1373, 27.912262], [85.137511, 27.912145], [85.137634, 27.912085], [85.137674, 27.911863], [85.137694, 27.911823], [85.137733, 27.911782], [85.137791, 27.911676], [85.137833, 27.911567], [85.137901, 27.911416], [85.138058, 27.911348], [85.138179, 27.911384], [85.138511, 27.91115], [85.138673, 27.910964], [85.138686, 27.910861], [85.138731, 27.910833], [85.138811, 27.910818], [85.138912, 27.910728], [85.138975, 27.910579], [85.138996, 27.910513], [85.139207, 27.910222], [85.139229, 27.910106], [85.139214, 27.910056], [85.139177, 27.910028], [85.139171, 27.910003], [85.139254, 27.909902], [85.139367, 27.90983], [85.139432, 27.909784], [85.139509, 27.909762], [85.139565, 27.909708], [85.139595, 27.909631], [85.13966, 27.909572], [85.139713, 27.909486], [85.13976, 27.909455], [85.139855, 27.909465], [85.1399, 27.909459], [85.139961, 27.909412], [85.139988, 27.909285], [85.139995, 27.909137], [85.140176, 27.908771], [85.140302, 27.908564], [85.140637, 27.908281], [85.140721, 27.908141], [85.141188, 27.907751], [85.141266, 27.907662], [85.141285, 27.907558], [85.141502, 27.907295], [85.141559, 27.907182], [85.141694, 27.907067], [85.141796, 27.90702], [85.141812, 27.907061], [85.14187, 27.907117], [85.141919, 27.907058], [85.14187, 27.906987], [85.141828, 27.906955], [85.141818, 27.906919], [85.141854, 27.906883], [85.141882, 27.9068], [85.141808, 27.906692], [85.141633, 27.906688], [85.141583, 27.906674], [85.141615, 27.906606], [85.141636, 27.906558], [85.141628, 27.906441], [85.141599, 27.906273], [85.141539, 27.90605], [85.141475, 27.905764], [85.141375, 27.905143], [85.141332, 27.904952], [85.141312, 27.904788], [85.141385, 27.904544], [85.141481, 27.904294], [85.141547, 27.904012], [85.141473, 27.903688], [85.141439, 27.903517], [85.141487, 27.903464], [85.141605, 27.903423], [85.141714, 27.903448], [85.141789, 27.903475], [85.141812, 27.903414], [85.141729, 27.903355], [85.141668, 27.903289], [85.141628, 27.903195], [85.141498, 27.903116], [85.141442, 27.90298], [85.141445, 27.90286], [85.141439, 27.902707], [85.141352, 27.902589], [85.141308, 27.902471], [85.141358, 27.902369], [85.141399, 27.902279], [85.141442, 27.902192], [85.141484, 27.902077], [85.14132, 27.902022], [85.141186, 27.902003], [85.1411, 27.901936], [85.140861, 27.901791], [85.140684, 27.901612], [85.140466, 27.901401], [85.140242, 27.901286], [85.140096, 27.901086], [85.139421, 27.900669], [85.139258, 27.900582], [85.139231, 27.900387], [85.139158, 27.900366], [85.139097, 27.900559], [85.138893, 27.900406], [85.138759, 27.90019], [85.138811, 27.900079], [85.138775, 27.899922], [85.138672, 27.899675], [85.138607, 27.899443], [85.138538, 27.899255], [85.13853, 27.899027], [85.138488, 27.898819], [85.138475, 27.898669], [85.138288, 27.898408], [85.138272, 27.898234], [85.138185, 27.89812], [85.13808, 27.898003], [85.138026, 27.897808], [85.138151, 27.897671], [85.138103, 27.897551], [85.137964, 27.897416], [85.137978, 27.89726], [85.137915, 27.897137], [85.13786, 27.896993], [85.137774, 27.896866], [85.137879, 27.896782], [85.137929, 27.896545], [85.138096, 27.896421], [85.138056, 27.89625], [85.138072, 27.896155], [85.138001, 27.896051], [85.137939, 27.895948], [85.137918, 27.895573], [85.137843, 27.895489], [85.137852, 27.89542], [85.137905, 27.895316], [85.13783, 27.895263], [85.137851, 27.895174], [85.137984, 27.895154], [85.138173, 27.895156], [85.138357, 27.895175], [85.138473, 27.895234], [85.138626, 27.895197], [85.139117, 27.894851], [85.139239, 27.894463], [85.139332, 27.894314], [85.139461, 27.893536], [85.139524, 27.893075], [85.139318, 27.892833], [85.138884, 27.892641], [85.13854, 27.892445], [85.138442, 27.892215], [85.138465, 27.891944], [85.138517, 27.891716], [85.138388, 27.890973], [85.138391, 27.890837], [85.138379, 27.890643], [85.13839, 27.890405], [85.138454, 27.889817], [85.138326, 27.8897], [85.13822, 27.88962], [85.138341, 27.889482], [85.138409, 27.889309], [85.138322, 27.889029], [85.138055, 27.888709], [85.13763, 27.888509], [85.137412, 27.888466], [85.137183, 27.888432], [85.137063, 27.888311], [85.136791, 27.888056], [85.136621, 27.88791], [85.136436, 27.887785], [85.135962, 27.887469], [85.135774, 27.887273], [85.135491, 27.887113], [85.135381, 27.886933], [85.135172, 27.886685], [85.134905, 27.886494], [85.134763, 27.886364], [85.134557, 27.886163], [85.13428, 27.886075], [85.134134, 27.885937], [85.133693, 27.88573], [85.133498, 27.88565], [85.133, 27.88534], [85.132915, 27.885185], [85.132805, 27.884908], [85.132648, 27.884675], [85.132488, 27.884601], [85.132453, 27.88442], [85.132212, 27.884148], [85.1316, 27.883446], [85.131396, 27.883283], [85.131191, 27.883185], [85.131156, 27.883028], [85.131111, 27.882922], [85.130965, 27.882967], [85.13069, 27.882685], [85.130586, 27.882506], [85.130451, 27.882324], [85.130338, 27.88221], [85.130318, 27.882043], [85.130064, 27.881683], [85.129993, 27.881653], [85.129926, 27.881661], [85.129863, 27.881649], [85.129834, 27.8816], [85.129083, 27.881904], [85.129045, 27.881912], [85.128987, 27.881856], [85.128606, 27.881166], [85.128627, 27.881057], [85.128749, 27.880953], [85.128716, 27.880871], [85.12861, 27.880879], [85.128495, 27.880906], [85.128481, 27.880823], [85.128576, 27.880743], [85.128592, 27.880528], [85.128567, 27.880386], [85.128496, 27.880272], [85.128468, 27.880162], [85.128232, 27.879804], [85.128108, 27.879735], [85.128007, 27.879642], [85.127946, 27.879487], [85.127915, 27.879023], [85.12788, 27.87864], [85.127753, 27.878205], [85.127522, 27.877484], [85.127512, 27.877292], [85.127603, 27.87711], [85.127658, 27.877006], [85.127809, 27.876412], [85.128021, 27.87564], [85.127822, 27.875331], [85.127647, 27.875246], [85.12765, 27.875082], [85.127628, 27.874997], [85.127446, 27.874992], [85.127324, 27.874852], [85.127153, 27.87472], [85.127002, 27.874651], [85.126748, 27.874508], [85.126617, 27.874473], [85.12637, 27.87441], [85.126205, 27.874369], [85.126039, 27.874292], [85.125763, 27.874065], [85.125378, 27.873898], [85.125101, 27.87405], [85.125001, 27.874075], [85.124901, 27.874036], [85.12478, 27.873917], [85.124727, 27.873819], [85.12462, 27.873793], [85.12447, 27.873773], [85.124344, 27.873709], [85.124182, 27.873722], [85.123924, 27.87369], [85.123578, 27.873483], [85.123258, 27.873369], [85.123122, 27.873279], [85.123109, 27.873193], [85.123192, 27.873056], [85.123362, 27.872877], [85.12334, 27.872744], [85.12325, 27.872608], [85.123159, 27.872704], [85.123042, 27.8728], [85.122927, 27.872881], [85.122813, 27.872964], [85.12267, 27.872888], [85.122511, 27.872745], [85.1224, 27.872705], [85.122275, 27.872686], [85.122217, 27.872625], [85.122138, 27.8726], [85.122084, 27.872543], [85.121985, 27.872517], [85.121947, 27.872488], [85.121862, 27.872428], [85.121758, 27.872344], [85.121661, 27.872281], [85.121591, 27.87218], [85.121589, 27.872093], [85.121471, 27.87198], [85.12117, 27.872021], [85.121023, 27.871958], [85.120854, 27.871823], [85.120767, 27.871699], [85.120476, 27.871609], [85.119973, 27.871576], [85.119821, 27.871513], [85.119698, 27.87137], [85.119507, 27.871231], [85.119206, 27.870973], [85.119106, 27.870759], [85.118992, 27.870541], [85.118742, 27.870355], [85.118248, 27.869929], [85.117761, 27.86974], [85.117424, 27.869629], [85.116793, 27.869266], [85.116651, 27.869042], [85.11641, 27.868873], [85.116245, 27.868755], [85.115876, 27.868487], [85.115801, 27.868316], [85.115506, 27.868426], [85.11536, 27.868371], [85.115162, 27.868181], [85.114945, 27.868135], [85.114746, 27.868092], [85.114784, 27.867963], [85.114838, 27.867851], [85.11478, 27.867668], [85.114754, 27.867477], [85.114737, 27.867289], [85.114669, 27.867119], [85.114562, 27.867021], [85.114544, 27.866906], [85.114512, 27.866815], [85.114476, 27.866748], [85.114415, 27.866699], [85.11421, 27.866675], [85.114277, 27.866566], [85.114311, 27.86647], [85.114239, 27.866391], [85.114063, 27.866404], [85.114035, 27.866292], [85.114013, 27.866172], [85.113994, 27.866089], [85.113943, 27.86601], [85.113907, 27.865904], [85.113814, 27.865876], [85.11373, 27.865823], [85.113733, 27.865686], [85.113592, 27.865708], [85.113563, 27.865631], [85.113527, 27.865565], [85.113404, 27.865473], [85.113517, 27.865361], [85.113571, 27.86527], [85.113518, 27.865173], [85.113411, 27.8651], [85.113337, 27.865], [85.1133, 27.864865], [85.113221, 27.864783], [85.113086, 27.864778], [85.113055, 27.864728], [85.113094, 27.864607], [85.113008, 27.864489], [85.112939, 27.864354], [85.11284, 27.864214], [85.11288, 27.8641], [85.112773, 27.863968], [85.112595, 27.863952], [85.112507, 27.86394], [85.112517, 27.863793], [85.112476, 27.863671], [85.112408, 27.86361], [85.112459, 27.863505], [85.112414, 27.863368], [85.112331, 27.86324], [85.112192, 27.863133], [85.112197, 27.863024], [85.112331, 27.862903], [85.112381, 27.86275], [85.112451, 27.862584], [85.112436, 27.86242], [85.112412, 27.862274], [85.112309, 27.862121], [85.112254, 27.861961], [85.112162, 27.86184], [85.112076, 27.861727], [85.111942, 27.861649], [85.111789, 27.861509], [85.111741, 27.861396], [85.111699, 27.861292], [85.111646, 27.861166], [85.111669, 27.861017], [85.111538, 27.86095], [85.111541, 27.860791], [85.111516, 27.860676], [85.111501, 27.86052], [85.111403, 27.860446], [85.111358, 27.860317], [85.111302, 27.860199], [85.111228, 27.860039], [85.111096, 27.859902], [85.110933, 27.8598], [85.110839, 27.859643], [85.110747, 27.85954], [85.110625, 27.859439], [85.110587, 27.859285], [85.110419, 27.859178], [85.110311, 27.858986], [85.110167, 27.858828], [85.110216, 27.858726], [85.110399, 27.858707], [85.110701, 27.858756], [85.111155, 27.858717], [85.111583, 27.858691], [85.111684, 27.858625], [85.11179, 27.858608], [85.111871, 27.858535], [85.110488, 27.857785], [85.11025, 27.857703], [85.109949, 27.857645], [85.109485, 27.85777], [85.109116, 27.857903], [85.108606, 27.858006], [85.108091, 27.858113], [85.107701, 27.858145], [85.107105, 27.858056], [85.106693, 27.858135], [85.106186, 27.85803], [85.10572, 27.857942], [85.105113, 27.857775], [85.104706, 27.857721], [85.104253, 27.857731], [85.10386, 27.857781], [85.103612, 27.857665], [85.103325, 27.857568], [85.102964, 27.857521], [85.102904, 27.857343], [85.102595, 27.857281], [85.102326, 27.857242], [85.102121, 27.857189], [85.101962, 27.857076], [85.101765, 27.857095], [85.101741, 27.85727], [85.101647, 27.857397], [85.101403, 27.857514], [85.09925, 27.85939], [85.099862, 27.859604], [85.100143, 27.859626], [85.100517, 27.85955], [85.100805, 27.859468], [85.101153, 27.85939], [85.101485, 27.859342], [85.101835, 27.859287], [85.102097, 27.859254], [85.102356, 27.859172], [85.102678, 27.859056], [85.102942, 27.85906], [85.103171, 27.85918], [85.10343, 27.859155], [85.103649, 27.859095], [85.103922, 27.859129], [85.104178, 27.859158], [85.104621, 27.859156], [85.104858, 27.859183], [85.105297, 27.859223], [85.105528, 27.85926], [85.105777, 27.859471], [85.105785, 27.859644], [85.105915, 27.859766], [85.106013, 27.859892], [85.106159, 27.859902], [85.106284, 27.85981], [85.106476, 27.859885], [85.106663, 27.859797], [85.10677, 27.859855], [85.10668, 27.859956], [85.106891, 27.86], [85.106751, 27.860142], [85.106828, 27.860232], [85.107009, 27.860122], [85.107216, 27.860211], [85.107185, 27.860394], [85.106962, 27.860554], [85.107178, 27.860557], [85.1074, 27.860666], [85.107534, 27.860879], [85.10765, 27.861052], [85.107785, 27.861233], [85.10778, 27.861502], [85.107744, 27.861713], [85.107832, 27.861926], [85.107938, 27.862164], [85.108105, 27.862288], [85.108076, 27.862402], [85.108267, 27.86249], [85.108155, 27.862598], [85.108271, 27.862751], [85.108329, 27.862882], [85.108459, 27.86291], [85.108593, 27.862995], [85.108664, 27.863098], [85.108577, 27.863245], [85.108693, 27.86335], [85.108843, 27.863505], [85.108969, 27.863746], [85.109296, 27.863995], [85.109335, 27.864025], [85.10943, 27.864019], [85.109466, 27.864038], [85.109616, 27.86395], [85.109864, 27.863917], [85.109929, 27.864109], [85.109863, 27.864196], [85.109947, 27.864275], [85.109942, 27.864408], [85.110039, 27.864463], [85.110115, 27.864523], [85.110067, 27.864582], [85.110215, 27.864549], [85.110222, 27.864594], [85.11012, 27.864676], [85.110203, 27.864725], [85.110445, 27.864728], [85.110474, 27.864798], [85.110558, 27.864888], [85.110589, 27.864989], [85.11076, 27.865103], [85.110871, 27.865082], [85.110868, 27.86514], [85.110851, 27.865253], [85.110929, 27.865404], [85.110934, 27.865543], [85.111057, 27.865595], [85.111045, 27.865661], [85.111076, 27.865708], [85.111163, 27.865785], [85.11121, 27.865892], [85.111314, 27.865961], [85.111333, 27.866123], [85.111258, 27.86618], [85.111373, 27.866221], [85.111472, 27.866271], [85.111375, 27.866346], [85.111299, 27.866412], [85.111422, 27.866447], [85.111543, 27.866489], [85.111435, 27.866561], [85.111543, 27.866624], [85.111693, 27.866639], [85.111634, 27.866696], [85.111542, 27.866879], [85.111709, 27.866915], [85.111743, 27.867067], [85.111865, 27.867189], [85.112114, 27.867431], [85.112292, 27.86759], [85.112358, 27.867699], [85.112372, 27.867858], [85.112342, 27.868076], [85.112444, 27.86821], [85.112592, 27.868242], [85.112705, 27.868245], [85.112647, 27.868332], [85.112814, 27.86846], [85.11286, 27.868584], [85.112684, 27.868611], [85.112553, 27.86866], [85.112614, 27.868741], [85.112729, 27.868787], [85.112569, 27.868952], [85.112756, 27.869022], [85.112904, 27.869128], [85.112961, 27.86935], [85.113134, 27.86953], [85.113507, 27.86978], [85.113553, 27.869937], [85.113589, 27.870055], [85.113604, 27.870186], [85.113476, 27.870278], [85.113478, 27.870379], [85.113454, 27.870577], [85.113389, 27.87073], [85.113375, 27.870884], [85.113351, 27.871097], [85.113332, 27.871331], [85.11337, 27.871501], [85.113542, 27.87159], [85.113614, 27.871683], [85.113497, 27.871792], [85.113552, 27.872002], [85.113762, 27.872098], [85.114054, 27.872144], [85.11415, 27.872182], [85.114167, 27.872393], [85.114287, 27.872545], [85.114424, 27.872746], [85.114535, 27.872947], [85.114619, 27.873062], [85.114674, 27.873225], [85.114828, 27.873312], [85.114839, 27.873477], [85.114829, 27.873604], [85.114927, 27.873684], [85.115042, 27.87375], [85.114911, 27.873855], [85.114983, 27.873935], [85.115242, 27.873928], [85.115421, 27.873879], [85.115544, 27.873826], [85.115602, 27.873721], [85.115574, 27.873643], [85.115441, 27.873521], [85.115265, 27.87345], [85.115203, 27.873362], [85.115167, 27.873172], [85.115135, 27.872984], [85.115031, 27.872869], [85.114957, 27.87274], [85.114935, 27.872584], [85.115044, 27.872484], [85.115276, 27.872489], [85.11554, 27.872538], [85.115766, 27.872613], [85.115909, 27.872704], [85.116153, 27.872852], [85.116879, 27.873139], [85.117107, 27.873208], [85.117341, 27.873224], [85.117461, 27.873275], [85.117615, 27.873332], [85.117581, 27.873426], [85.117445, 27.873563], [85.11744, 27.873653], [85.117569, 27.873785], [85.117691, 27.873853], [85.117949, 27.874018], [85.11804, 27.874068], [85.118126, 27.874132], [85.118236, 27.87413], [85.118271, 27.874191], [85.118329, 27.874239], [85.118428, 27.874215], [85.118479, 27.87425], [85.118408, 27.874283], [85.118389, 27.874337], [85.118446, 27.874379], [85.118525, 27.874456], [85.11856, 27.874552], [85.118593, 27.874609], [85.118714, 27.874571], [85.118877, 27.874676], [85.11905, 27.87475], [85.119244, 27.874809], [85.119376, 27.874929], [85.11946, 27.875028], [85.119648, 27.875057], [85.119755, 27.875153], [85.119863, 27.875251], [85.120029, 27.875343], [85.120172, 27.87545], [85.120321, 27.875532], [85.12048, 27.875501], [85.121057, 27.875596], [85.121057, 27.875737], [85.120991, 27.87587], [85.121059, 27.875976], [85.12106, 27.876092], [85.121197, 27.876176], [85.121324, 27.876221], [85.121569, 27.876258], [85.121746, 27.876165], [85.121895, 27.876118], [85.122007, 27.876146], [85.122085, 27.875978], [85.122143, 27.875796], [85.122389, 27.87575], [85.122313, 27.875836], [85.122401, 27.87593], [85.122555, 27.875894], [85.122689, 27.875801], [85.122797, 27.875766], [85.122903, 27.875796], [85.122918, 27.875917], [85.123044, 27.876024], [85.123319, 27.876174], [85.123468, 27.876248], [85.123601, 27.876365], [85.123683, 27.876492], [85.123693, 27.876582], [85.123755, 27.876668], [85.123883, 27.876816], [85.124059, 27.877168], [85.124078, 27.877307], [85.124072, 27.877445], [85.12415, 27.877559], [85.124237, 27.877662], [85.124344, 27.877782], [85.124386, 27.877899], [85.124489, 27.877948], [85.124549, 27.87802], [85.124669, 27.878035], [85.12489, 27.878094], [85.125061, 27.878108], [85.125108, 27.878229], [85.125042, 27.878405], [85.125158, 27.879008], [85.125313, 27.879713], [85.125374, 27.879846], [85.125438, 27.880047], [85.125508, 27.880221], [85.125552, 27.880507], [85.12559, 27.880712], [85.125695, 27.88089], [85.125779, 27.880995], [85.125789, 27.881196], [85.125835, 27.881421], [85.125978, 27.881524], [85.126042, 27.881741], [85.126201, 27.881948], [85.126357, 27.882136], [85.126434, 27.882289], [85.126506, 27.882396], [85.126571, 27.882463], [85.126623, 27.882489], [85.12663, 27.882528], [85.126554, 27.882645], [85.12654, 27.882681], [85.126578, 27.882727], [85.126628, 27.882716], [85.12669, 27.882724], [85.126744, 27.882682], [85.126785, 27.882623], [85.126821, 27.882645], [85.126797, 27.8827], [85.126793, 27.882749], [85.126803, 27.88283], [85.126842, 27.882903], [85.126887, 27.882928], [85.126954, 27.882945], [85.126993, 27.88293], [85.127032, 27.882897], [85.127072, 27.882887], [85.127065, 27.882966], [85.127038, 27.883081], [85.127118, 27.883152], [85.127347, 27.883362], [85.127357, 27.883452], [85.127372, 27.883494], [85.12765, 27.883725], [85.127723, 27.88367], [85.127745, 27.883684], [85.127748, 27.883725], [85.127758, 27.883744], [85.127734, 27.883816], [85.127973, 27.884046], [85.128057, 27.884112], [85.128159, 27.884179], [85.128261, 27.884235], [85.12856, 27.884524], [85.128753, 27.88469], [85.128771, 27.88479], [85.128784, 27.884869], [85.128829, 27.884916], [85.128846, 27.884983], [85.128832, 27.885056], [85.12889, 27.885131], [85.128965, 27.885151], [85.12901, 27.885205], [85.129074, 27.885248], [85.129112, 27.885299], [85.129212, 27.885295], [85.129257, 27.885294], [85.129219, 27.885352], [85.129158, 27.885401], [85.129284, 27.885541], [85.129357, 27.88557], [85.129421, 27.8855], [85.129481, 27.885429], [85.129517, 27.885503], [85.129586, 27.885554], [85.129678, 27.885584], [85.129744, 27.885602], [85.129806, 27.885603], [85.129873, 27.885549], [85.129937, 27.885465], [85.129965, 27.885507], [85.129969, 27.885572], [85.129981, 27.885634], [85.130019, 27.885666], [85.130116, 27.885633], [85.130103, 27.885685], [85.13004, 27.885742], [85.13003, 27.885815], [85.129981, 27.885869], [85.129949, 27.885921], [85.129929, 27.885971], [85.129971, 27.886016], [85.130028, 27.886018], [85.130064, 27.885961], [85.130104, 27.88591], [85.130169, 27.885901], [85.130242, 27.885909], [85.130322, 27.885935], [85.130335, 27.886005], [85.130421, 27.886103], [85.130928, 27.886469], [85.131331, 27.886725], [85.131672, 27.886866], [85.132104, 27.887045], [85.132231, 27.887213], [85.132273, 27.887294], [85.132457, 27.88746], [85.132533, 27.887537], [85.132606, 27.887611], [85.132693, 27.887657], [85.132762, 27.887705], [85.132801, 27.88778], [85.132854, 27.887827], [85.132943, 27.887841], [85.133321, 27.888133], [85.13345, 27.88822], [85.13363, 27.888164], [85.133671, 27.88826], [85.133729, 27.888316], [85.133724, 27.888448], [85.13367, 27.888577], [85.133723, 27.88867], [85.133793, 27.888675], [85.133889, 27.888583], [85.134011, 27.888529], [85.134099, 27.888608], [85.134197, 27.888654], [85.134377, 27.888782], [85.134453, 27.888946], [85.134638, 27.889068], [85.1348, 27.889171], [85.134877, 27.889171], [85.13493, 27.889169], [85.134988, 27.889217], [85.135178, 27.889366], [85.1352, 27.889468], [85.135067, 27.889444], [85.13491, 27.889406], [85.134814, 27.889382], [85.134678, 27.889369], [85.134556, 27.889329], [85.1345, 27.889398], [85.134584, 27.889448], [85.134641, 27.889498], [85.134723, 27.889555], [85.134695, 27.889661], [85.134624, 27.889767], [85.134846, 27.889942], [85.134921, 27.890021], [85.134971, 27.890119], [85.135025, 27.890176], [85.135035, 27.890279], [85.13507, 27.89042], [85.135137, 27.890474], [85.135224, 27.890475], [85.135295, 27.890558], [85.135302, 27.890662], [85.135338, 27.890814], [85.135363, 27.89091], [85.135343, 27.891008], [85.135258, 27.891015], [85.135235, 27.890943], [85.13522, 27.890879], [85.135158, 27.890836], [85.13505, 27.890901], [85.134967, 27.890991], [85.134979, 27.891085], [85.135091, 27.891216], [85.135146, 27.891268], [85.135183, 27.891327], [85.135202, 27.891396], [85.135257, 27.89166], [85.135232, 27.891796], [85.135258, 27.891925], [85.135298, 27.892], [85.135316, 27.892001], [85.135333, 27.891994], [85.135362, 27.891991], [85.135388, 27.892012], [85.135425, 27.892054], [85.135504, 27.892047], [85.135536, 27.892062], [85.135558, 27.892078], [85.135581, 27.892063], [85.13561, 27.892052], [85.13566, 27.892043], [85.135713, 27.892049], [85.135743, 27.892101], [85.135668, 27.892172], [85.135582, 27.89222], [85.135607, 27.892298], [85.135691, 27.892349], [85.135685, 27.892517], [85.135591, 27.892614], [85.135499, 27.892661], [85.135457, 27.892761], [85.135433, 27.892985], [85.1354, 27.893202], [85.135376, 27.893344], [85.135413, 27.893432], [85.135349, 27.893627], [85.135322, 27.893728], [85.135305, 27.8938], [85.135336, 27.893821], [85.135377, 27.893808], [85.135423, 27.893816], [85.13543, 27.893848], [85.135376, 27.893905], [85.135375, 27.894006], [85.135364, 27.894088], [85.135297, 27.894122], [85.135237, 27.894234], [85.135281, 27.894264], [85.135295, 27.894305], [85.135277, 27.894363], [85.135196, 27.894413], [85.135189, 27.894484], [85.135155, 27.894584], [85.13519, 27.894696], [85.135158, 27.8948], [85.135045, 27.894932], [85.134963, 27.894978], [85.134934, 27.895051], [85.135005, 27.89512], [85.135072, 27.895092], [85.135101, 27.89511], [85.135147, 27.895202], [85.135231, 27.895248], [85.135339, 27.895301], [85.135388, 27.895388], [85.135373, 27.895476], [85.135369, 27.895564], [85.135411, 27.895676], [85.135368, 27.895761], [85.135355, 27.895872], [85.135285, 27.895951], [85.135213, 27.896043], [85.135193, 27.896153], [85.135137, 27.89632], [85.135133, 27.89638], [85.135185, 27.896431], [85.135198, 27.896464], [85.135179, 27.896523], [85.13518, 27.896552], [85.135195, 27.896575], [85.135238, 27.896612], [85.135242, 27.89666], [85.135182, 27.896684], [85.135073, 27.896782], [85.135035, 27.896788], [85.134994, 27.896769], [85.134983, 27.89673], [85.135013, 27.896674], [85.134993, 27.896619], [85.134885, 27.896688], [85.134687, 27.897047], [85.134706, 27.897202], [85.134728, 27.897385], [85.134707, 27.89758], [85.134867, 27.897708], [85.134934, 27.897834], [85.134953, 27.897949], [85.135078, 27.898031], [85.135217, 27.897924], [85.13532, 27.89781], [85.135225, 27.897687], [85.135053, 27.897607], [85.134955, 27.897414], [85.134845, 27.897338], [85.134895, 27.897166], [85.134962, 27.897048], [85.135112, 27.896915], [85.135346, 27.896771], [85.13552, 27.896627], [85.135586, 27.896663], [85.135582, 27.896771], [85.1355, 27.896884], [85.135522, 27.896961], [85.135571, 27.897057], [85.135628, 27.897109], [85.135736, 27.897146], [85.135774, 27.897207], [85.135777, 27.897292], [85.135711, 27.897442], [85.135746, 27.897545], [85.135773, 27.897622], [85.135808, 27.897719], [85.1358, 27.897813], [85.135827, 27.897878], [85.135889, 27.897948], [85.135936, 27.898179], [85.136031, 27.898268], [85.136035, 27.898314], [85.136019, 27.898362], [85.136003, 27.898428], [85.136016, 27.89846], [85.136078, 27.898492], [85.136137, 27.898508], [85.136181, 27.898592], [85.136163, 27.898688], [85.136087, 27.898732], [85.136106, 27.898806], [85.136107, 27.898884], [85.136052, 27.898973], [85.136038, 27.899092], [85.135989, 27.899139], [85.135953, 27.899189], [85.135954, 27.899244], [85.136015, 27.899317], [85.136157, 27.899444], [85.136149, 27.899508], [85.13613, 27.899578], [85.136082, 27.899608], [85.13606, 27.899649], [85.136071, 27.899691], [85.136084, 27.899771], [85.136118, 27.899837], [85.136112, 27.899883], [85.136118, 27.899929], [85.136139, 27.899958], [85.136167, 27.899996], [85.136192, 27.90003], [85.136235, 27.900027], [85.136276, 27.900042], [85.136278, 27.900076], [85.136257, 27.900164], [85.136237, 27.90021], [85.136197, 27.900256], [85.136218, 27.900291], [85.136278, 27.900281], [85.136317, 27.900264], [85.136373, 27.900214], [85.136413, 27.900234], [85.136428, 27.900286], [85.136467, 27.900412], [85.136482, 27.900466], [85.136524, 27.900491], [85.136599, 27.900567], [85.13659, 27.90069], [85.136561, 27.900757], [85.136472, 27.900863], [85.136511, 27.900989], [85.136626, 27.90107], [85.136687, 27.901163], [85.136654, 27.901269], [85.13664, 27.901362], [85.136578, 27.901397], [85.136448, 27.901402], [85.136391, 27.901491], [85.136456, 27.901583], [85.13659, 27.901568], [85.136733, 27.901551], [85.136774, 27.901603], [85.136824, 27.90167], [85.136893, 27.90168], [85.136934, 27.901745], [85.137004, 27.901753], [85.137023, 27.901679], [85.137068, 27.901551], [85.137236, 27.90156], [85.137277, 27.90165], [85.137229, 27.901766], [85.137291, 27.901804], [85.137339, 27.901835], [85.137313, 27.901931], [85.137283, 27.901998], [85.13732, 27.902047], [85.137397, 27.902043], [85.137444, 27.902008], [85.137533, 27.901933], [85.137571, 27.901968], [85.137536, 27.902163], [85.137524, 27.902273], [85.137606, 27.902319], [85.137699, 27.902319], [85.137744, 27.902336], [85.137764, 27.902368], [85.137765, 27.902421], [85.137808, 27.90243], [85.137843, 27.902396], [85.137869, 27.902426], [85.137869, 27.902518], [85.137849, 27.902765], [85.137824, 27.902934], [85.13779, 27.903081], [85.137859, 27.90314], [85.137872, 27.903203], [85.137842, 27.903266], [85.137867, 27.903329], [85.137867, 27.903387], [85.137801, 27.903403], [85.137729, 27.903363], [85.137683, 27.903346], [85.137687, 27.903286], [85.137671, 27.903214], [85.137651, 27.903024], [85.137583, 27.902908], [85.137465, 27.902796], [85.137416, 27.902877], [85.137454, 27.903016], [85.137474, 27.9032], [85.137465, 27.903335], [85.137605, 27.903469], [85.137678, 27.903654], [85.137687, 27.903865], [85.137681, 27.904062], [85.137553, 27.904137], [85.137451, 27.904272], [85.137475, 27.904432], [85.137531, 27.904565], [85.137769, 27.905045], [85.13787, 27.905413], [85.137829, 27.905607], [85.137822, 27.905807], [85.13773, 27.906178], [85.137593, 27.906971], [85.137022, 27.907674], [85.136845, 27.907815], [85.13667, 27.907852], [85.136511, 27.907887], [85.136486, 27.908027], [85.136936, 27.90829], [85.137009, 27.908435], [85.137045, 27.908587], [85.137049, 27.908723], [85.136937, 27.908832], [85.13688, 27.908856], [85.136809, 27.908883], [85.136759, 27.908978], [85.136668, 27.909293], [85.136517, 27.909373], [85.136552, 27.909195], [85.136673, 27.908822], [85.136606, 27.908638], [85.136584, 27.908449], [85.136583, 27.908316], [85.136447, 27.908292], [85.136337, 27.908403], [85.136373, 27.908545], [85.136442, 27.908746], [85.136448, 27.908983], [85.136071, 27.910195], [85.135983, 27.910457], [85.13594, 27.910518], [85.135873, 27.910501], [85.13572, 27.910523], [85.135644, 27.910604], [85.135599, 27.910696], [85.135614, 27.910781], [85.135668, 27.910838], [85.135743, 27.910878], [85.135759, 27.910973], [85.135782, 27.911025], [85.135703, 27.911066], [85.135633, 27.91113], [85.135615, 27.91121], [85.135638, 27.911301], [85.135606, 27.91141], [85.135549, 27.911505], [85.135531, 27.911604], [85.135483, 27.911676], [85.135398, 27.911801], [85.135374, 27.9119], [85.135238, 27.912126], [85.134997, 27.912393], [85.134938, 27.912526], [85.134906, 27.912615], [85.134864, 27.912687], [85.134815, 27.912735], [85.134739, 27.912795], [85.134646, 27.912841], [85.134504, 27.912864], [85.134361, 27.913028], [85.134302, 27.913127], [85.13433, 27.91319], [85.134397, 27.913276], [85.134364, 27.913584], [85.134308, 27.913627], [85.134206, 27.913644], [85.134144, 27.913717], [85.134083, 27.913808], [85.133941, 27.91382], [85.133815, 27.913817], [85.133733, 27.913843], [85.133587, 27.913949], [85.133576, 27.914023], [85.133627, 27.914013], [85.133702, 27.914041], [85.133683, 27.914151], [85.133576, 27.91425], [85.13348, 27.914303], [85.133406, 27.914329], [85.133288, 27.914344], [85.133211, 27.914453], [85.133177, 27.914566], [85.133155, 27.914654], [85.133183, 27.914774], [85.133309, 27.914806], [85.133445, 27.914813], [85.133506, 27.914881], [85.133415, 27.914995], [85.133536, 27.915044], [85.133495, 27.915131], [85.133491, 27.915199], [85.133598, 27.915274], [85.133682, 27.915348], [85.133726, 27.915549], [85.133823, 27.915612], [85.133859, 27.915734], [85.133953, 27.915823], [85.134112, 27.915833], [85.134203, 27.915924], [85.134306, 27.915971], [85.13425, 27.916066], [85.134364, 27.916088], [85.134296, 27.916202], [85.134212, 27.916263], [85.134244, 27.916392], [85.13427, 27.916457], [85.134354, 27.916506], [85.134479, 27.916533], [85.134653, 27.916629], [85.134649, 27.916699], [85.134678, 27.916769], [85.134765, 27.916803], [85.134955, 27.916794], [85.134999, 27.916874], [85.135038, 27.916904], [85.135047, 27.916923], [85.135035, 27.916948], [85.13505, 27.916995], [85.135125, 27.917061], [85.135294, 27.917198], [85.135355, 27.917131], [85.135398, 27.917139], [85.135371, 27.917189], [85.135403, 27.917203], [85.135419, 27.917231], [85.135445, 27.917259], [85.135495, 27.917259], [85.135527, 27.917222], [85.135619, 27.917131], [85.13568, 27.917111], [85.135733, 27.917139], [85.135788, 27.917185], [85.135888, 27.917246], [85.135942, 27.917242], [85.135971, 27.917229], [85.135997, 27.917239], [85.136003, 27.917264], [85.136023, 27.917281], [85.136069, 27.917306], [85.136165, 27.91736], [85.136196, 27.917445], [85.136186, 27.917486], [85.136182, 27.91752], [85.13621, 27.917542], [85.136213, 27.917571], [85.13618, 27.917592], [85.13611, 27.917618], [85.136161, 27.917715], [85.136259, 27.917817], [85.136311, 27.917896], [85.136332, 27.917988], [85.136405, 27.918074], [85.136498, 27.917991], [85.1365, 27.917915], [85.136616, 27.917892], [85.136613, 27.918021], [85.136567, 27.918203], [85.136779, 27.918376], [85.136879, 27.918463], [85.136889, 27.918577], [85.136903, 27.918657], [85.136947, 27.918738], [85.136858, 27.918858], [85.136888, 27.918939], [85.136829, 27.918999], [85.136719, 27.918982], [85.136637, 27.919036], [85.136543, 27.919059], [85.136485, 27.919106], [85.136467, 27.919169], [85.136455, 27.919244], [85.136378, 27.919303], [85.136341, 27.919383], [85.13635, 27.919513], [85.136293, 27.919664], [85.136208, 27.919793], [85.136026, 27.919992], [85.13596, 27.920082], [85.136038, 27.920068], [85.1361, 27.920123], [85.136014, 27.920251], [85.135884, 27.920391], [85.135884, 27.92049], [85.13586, 27.920603], [85.135835, 27.920758], [85.135761, 27.920854], [85.135757, 27.920935], [85.135713, 27.921024], [85.135577, 27.921086], [85.135394, 27.921145], [85.135324, 27.921191], [85.135175, 27.921229], [85.135234, 27.921271], [85.135227, 27.921355], [85.135142, 27.921438], [85.134963, 27.921602], [85.134882, 27.921743], [85.134718, 27.921868], [85.134635, 27.92199], [85.134547, 27.922103], [85.134574, 27.922192], [85.134546, 27.922259], [85.134556, 27.922347], [85.134672, 27.922307], [85.134683, 27.922222], [85.134821, 27.922078], [85.13491, 27.922053], [85.134875, 27.922132], [85.134996, 27.922239], [85.135145, 27.922236], [85.135205, 27.922268], [85.135281, 27.922294], [85.135319, 27.922332], [85.135222, 27.922362], [85.135144, 27.922394], [85.135148, 27.922459], [85.135243, 27.922465], [85.135346, 27.922514], [85.135442, 27.92248], [85.135576, 27.922313], [85.135743, 27.922403], [85.135808, 27.922516], [85.135875, 27.922622], [85.135982, 27.922689], [85.136112, 27.922675], [85.136189, 27.922633], [85.136289, 27.922644], [85.136392, 27.922591], [85.136454, 27.922521], [85.136512, 27.922416], [85.136511, 27.922332], [85.136548, 27.922239], [85.13656, 27.922107], [85.136495, 27.921986], [85.136519, 27.921856], [85.136467, 27.921664], [85.136429, 27.921485], [85.136512, 27.920757], [85.136584, 27.920682], [85.136656, 27.920619], [85.136722, 27.920493], [85.136904, 27.920431], [85.136998, 27.920271], [85.137099, 27.92018], [85.137331, 27.920155], [85.137846, 27.920073], [85.137962, 27.920036], [85.13808, 27.920107], [85.138101, 27.920206], [85.138206, 27.920273], [85.138226, 27.920219], [85.138225, 27.920151], [85.138303, 27.920105], [85.138287, 27.919993], [85.138353, 27.919855], [85.138452, 27.919792], [85.138504, 27.919746], [85.13865, 27.919745], [85.138816, 27.919767], [85.139011, 27.919773], [85.139159, 27.919664], [85.139237, 27.919526], [85.139294, 27.91938], [85.139362, 27.919288], [85.139557, 27.919256], [85.139707, 27.919273], [85.139792, 27.919266], [85.140134, 27.919274], [85.140271, 27.919284], [85.140339, 27.919379], [85.14046, 27.919411], [85.140669, 27.919543], [85.141093, 27.919729], [85.141362, 27.919876], [85.14158, 27.920022], [85.141699, 27.920055], [85.141768, 27.920106], [85.141831, 27.920199], [85.141907, 27.920262], [85.141986, 27.920283], [85.142194, 27.920372], [85.142225, 27.920442], [85.14216, 27.920552], [85.142152, 27.920626], [85.142217, 27.920694], [85.142399, 27.920792], [85.142722, 27.920939], [85.142813, 27.921025], [85.142941, 27.921074], [85.143034, 27.921156], [85.143206, 27.921161], [85.143306, 27.921223], [85.14339, 27.921298], [85.1436, 27.921251], [85.143702, 27.921193], [85.143799, 27.921258], [85.14385, 27.921363], [85.143933, 27.921386], [85.144092, 27.921298], [85.144136, 27.921234], [85.14425, 27.921259], [85.144274, 27.921352], [85.144375, 27.921366], [85.144491, 27.921328], [85.144658, 27.921218], [85.144751, 27.921225], [85.14478, 27.921283], [85.144718, 27.921414], [85.144793, 27.921432], [85.144872, 27.921396], [85.144972, 27.921359], [85.145033, 27.921412], [85.145113, 27.921424], [85.145292, 27.921401], [85.145408, 27.921421], [85.145512, 27.921473], [85.145471, 27.921532], [85.145492, 27.921579], [85.145651, 27.921585], [85.145889, 27.921698], [85.146539, 27.921867], [85.147038, 27.921951], [85.147272, 27.922133], [85.147384, 27.922232], [85.147509, 27.922299], [85.147637, 27.922369], [85.147745, 27.922471], [85.147901, 27.922815], [85.148004, 27.923096], [85.147974, 27.923421], [85.147977, 27.923549], [85.147969, 27.923765], [85.147944, 27.923866], [85.147962, 27.924026], [85.147939, 27.924113], [85.147858, 27.924286], [85.147873, 27.92457], [85.147956, 27.924838], [85.148162, 27.924974], [85.148239, 27.925126], [85.148228, 27.925218], [85.148186, 27.92533], [85.148141, 27.925442], [85.14835, 27.925541], [85.148541, 27.925614], [85.148735, 27.925832], [85.148762, 27.926004], [85.148735, 27.926084], [85.148736, 27.926109], [85.148754, 27.926121], [85.148829, 27.92614], [85.148842, 27.926182], [85.14879, 27.926228], [85.148824, 27.926288], [85.148888, 27.926346], [85.148836, 27.9264], [85.148737, 27.926403], [85.148737, 27.926456], [85.148803, 27.926602], [85.148803, 27.926746], [85.148806, 27.926943], [85.148892, 27.927151], [85.148869, 27.927276], [85.148751, 27.927537], [85.148677, 27.927658], [85.148549, 27.927811], [85.148409, 27.927934], [85.14823, 27.928086], [85.147877, 27.928099], [85.147608, 27.928253], [85.147414, 27.928572], [85.147245, 27.928822], [85.147222, 27.929069], [85.147131, 27.929322], [85.147076, 27.929488], [85.147051, 27.929588], [85.14696, 27.929687], [85.146872, 27.92976], [85.14674, 27.92989], [85.146758, 27.93], [85.146851, 27.930135], [85.147232, 27.930662], [85.147296, 27.931028], [85.14739, 27.931334], [85.14745, 27.931481], [85.147431, 27.931589], [85.147394, 27.931701], [85.14743, 27.931794], [85.147563, 27.931948], [85.147555, 27.932099], [85.147544, 27.932261], [85.147688, 27.932594], [85.147874, 27.932887], [85.147958, 27.933057], [85.147993, 27.933197], [85.147991, 27.933356], [85.148029, 27.933586], [85.148177, 27.933764], [85.148204, 27.93388], [85.148315, 27.934012], [85.148411, 27.93414], [85.148426, 27.934255], [85.148424, 27.934394], [85.14841, 27.934504], [85.148517, 27.934672], [85.148595, 27.934826], [85.148654, 27.93508], [85.148746, 27.935249], [85.148941, 27.935244], [85.148987, 27.934923], [85.14916, 27.934874], [85.149535, 27.935115], [85.149709, 27.935177], [85.149842, 27.935204], [85.14995, 27.9351], [85.150095, 27.935087], [85.150256, 27.934997], [85.150453, 27.935128], [85.150538, 27.935224], [85.15053, 27.935352], [85.150731, 27.935475], [85.150879, 27.935578], [85.15095, 27.935666], [85.151112, 27.935691], [85.151179, 27.935782], [85.151379, 27.935769], [85.151626, 27.935685], [85.151822, 27.935577], [85.152032, 27.935627], [85.152128, 27.935767], [85.151945, 27.935833], [85.151692, 27.935928], [85.151678, 27.936069], [85.152723, 27.936568], [85.153224, 27.936976], [85.155694, 27.938842], [85.156146, 27.939354], [85.156769, 27.939904], [85.157072, 27.940337], [85.156904, 27.940886], [85.157101, 27.941227], [85.157111, 27.941607], [85.156713, 27.941828], [85.156885, 27.94194], [85.157213, 27.941876], [85.157424, 27.94184], [85.157437, 27.942033], [85.157606, 27.941932], [85.157878, 27.941639], [85.158144, 27.941719], [85.157775, 27.942014], [85.157906, 27.942406], [85.158129, 27.942286], [85.158462, 27.942136], [85.158627, 27.942111], [85.158589, 27.942234], [85.158508, 27.942372], [85.158374, 27.942463], [85.158298, 27.942405], [85.158224, 27.942474], [85.158205, 27.942671], [85.158208, 27.942783], [85.158412, 27.942824], [85.158334, 27.942933], [85.158365, 27.943121], [85.158511, 27.943163], [85.158444, 27.943375], [85.158507, 27.943727], [85.158714, 27.944058], [85.158815, 27.944126], [85.158762, 27.944253], [85.158844, 27.944323], [85.159012, 27.944332], [85.159008, 27.944424], [85.158985, 27.944522], [85.159102, 27.944618], [85.159124, 27.94471], [85.159114, 27.944826], [85.159042, 27.944928], [85.15917, 27.945074], [85.159191, 27.945178], [85.159101, 27.9452], [85.159207, 27.945401], [85.159302, 27.945524], [85.159486, 27.94578], [85.15961, 27.945924], [85.159634, 27.94605], [85.159771, 27.94629], [85.159633, 27.946455], [85.159442, 27.946461], [85.159246, 27.946383], [85.159026, 27.946385], [85.158943, 27.946533], [85.158968, 27.946665], [85.159499, 27.946891], [85.159943, 27.947192], [85.160294, 27.94742], [85.160772, 27.947894], [85.161058, 27.948547], [85.16107, 27.948706], [85.161276, 27.948786], [85.161282, 27.948938], [85.161183, 27.949002], [85.161111, 27.949061], [85.161201, 27.949057], [85.161285, 27.94913], [85.1613, 27.949244], [85.161175, 27.949326], [85.161259, 27.949386], [85.161416, 27.949342], [85.161368, 27.949435], [85.161342, 27.949546], [85.161469, 27.949725], [85.161398, 27.949937], [85.161524, 27.950286], [85.161437, 27.950507], [85.161473, 27.950823], [85.161595, 27.95107], [85.161455, 27.951318], [85.161471, 27.951574], [85.161558, 27.952015], [85.161573, 27.952353], [85.161677, 27.952651], [85.161487, 27.953112], [85.161475, 27.953488], [85.161405, 27.953941], [85.161232, 27.954309], [85.161198, 27.954658], [85.1613, 27.954779], [85.161234, 27.954928], [85.161363, 27.955027], [85.161427, 27.955121], [85.161393, 27.955272], [85.161444, 27.955375], [85.161498, 27.955476], [85.161501, 27.95556], [85.161599, 27.955607], [85.161478, 27.955805], [85.161467, 27.955915], [85.16128, 27.956102], [85.161218, 27.956213], [85.161127, 27.956326], [85.161233, 27.956335], [85.161185, 27.956385], [85.161047, 27.956544], [85.160965, 27.956681], [85.160905, 27.956766], [85.160881, 27.956841], [85.160928, 27.956913], [85.160991, 27.956969], [85.160842, 27.957063], [85.16078, 27.957006], [85.160737, 27.956957], [85.160648, 27.95697], [85.160613, 27.95709], [85.160684, 27.957197], [85.1609, 27.957104], [85.161058, 27.957157], [85.161204, 27.957055], [85.161296, 27.956941], [85.161384, 27.956844], [85.161554, 27.956882], [85.161626, 27.956767], [85.161665, 27.956628], [85.161668, 27.956492], [85.161737, 27.956327], [85.161857, 27.956194], [85.161782, 27.956163], [85.161785, 27.956078], [85.161879, 27.956037], [85.161852, 27.955902], [85.161919, 27.955754], [85.161983, 27.955624], [85.162051, 27.955529], [85.162112, 27.955595], [85.162218, 27.955627], [85.162396, 27.955616], [85.162557, 27.955663], [85.1626, 27.95578], [85.162676, 27.955843], [85.162744, 27.955987], [85.162888, 27.956102], [85.162967, 27.956221], [85.163028, 27.956285], [85.162989, 27.956413], [85.163, 27.956559], [85.162872, 27.956675], [85.162848, 27.95678], [85.162853, 27.956895], [85.162972, 27.956906], [85.163004, 27.957032], [85.163004, 27.957184], [85.163102, 27.957324], [85.163193, 27.957407], [85.163285, 27.957499], [85.163451, 27.957562], [85.163663, 27.957645], [85.163658, 27.957711], [85.16379, 27.957739], [85.163906, 27.957815], [85.164055, 27.957849], [85.164279, 27.957871], [85.164379, 27.957891], [85.164367, 27.957999], [85.164518, 27.958087], [85.164911, 27.958279], [85.165145, 27.958446], [85.165417, 27.958583], [85.165779, 27.958659], [85.165982, 27.95873], [85.16612, 27.958835], [85.166429, 27.958955], [85.166605, 27.959017], [85.166754, 27.959117], [85.166909, 27.95924], [85.166956, 27.959392], [85.167091, 27.959524], [85.167127, 27.959638], [85.167192, 27.959711], [85.16721, 27.959892], [85.167324, 27.960002], [85.167413, 27.960058], [85.167435, 27.960151], [85.167506, 27.960245], [85.167529, 27.960363], [85.167579, 27.96044], [85.167691, 27.96053], [85.167834, 27.960566], [85.167802, 27.960668], [85.167875, 27.960774], [85.167935, 27.960889], [85.16805, 27.961032], [85.168096, 27.961227], [85.168093, 27.961413], [85.168195, 27.961562], [85.168139, 27.961856], [85.167998, 27.961956], [85.167895, 27.962029], [85.168031, 27.962059], [85.168138, 27.96215], [85.16813, 27.962263], [85.168169, 27.962359], [85.16829, 27.962385], [85.168364, 27.962474], [85.168342, 27.96261], [85.168279, 27.962689], [85.168156, 27.962748], [85.168204, 27.962834], [85.168197, 27.96298], [85.168232, 27.963073], [85.16825, 27.963153], [85.168223, 27.963237], [85.168324, 27.963285], [85.168154, 27.963355], [85.168148, 27.963496], [85.168276, 27.963609], [85.168274, 27.963765], [85.168213, 27.963912], [85.168439, 27.964057], [85.168712, 27.964108], [85.169128, 27.964321], [85.169212, 27.964425], [85.169368, 27.964507], [85.169517, 27.964588], [85.169788, 27.964653], [85.170123, 27.964734], [85.169951, 27.965006], [85.170138, 27.96512], [85.170249, 27.965046], [85.170215, 27.964985], [85.170371, 27.964871], [85.170617, 27.964925], [85.170823, 27.965025], [85.171076, 27.965079], [85.171225, 27.965158], [85.171307, 27.965338], [85.171201, 27.965573], [85.171349, 27.965729], [85.171278, 27.965942], [85.17136, 27.966068], [85.171382, 27.966166], [85.171261, 27.966253], [85.171221, 27.966357], [85.171361, 27.966268], [85.17148, 27.966209], [85.171558, 27.966231], [85.171469, 27.966321], [85.171344, 27.966393], [85.171353, 27.966496], [85.171248, 27.966656], [85.171315, 27.966721], [85.171467, 27.9667], [85.171596, 27.966791], [85.171716, 27.966922], [85.171927, 27.966928], [85.172018, 27.966988], [85.172094, 27.967045], [85.172181, 27.967099], [85.172263, 27.967201], [85.172368, 27.967308], [85.172679, 27.967483], [85.172717, 27.967622], [85.172821, 27.96769], [85.17299, 27.9677], [85.173127, 27.967685], [85.173316, 27.967712], [85.173395, 27.967749], [85.173502, 27.967733], [85.17359, 27.967704], [85.173777, 27.967665], [85.173913, 27.967682], [85.174022, 27.967712], [85.174169, 27.967746], [85.17429, 27.967785], [85.174407, 27.967806], [85.17452, 27.967834], [85.174735, 27.967871], [85.17483, 27.967971], [85.174968, 27.968024], [85.175096, 27.968032], [85.175195, 27.968025], [85.175259, 27.968153], [85.175371, 27.96824], [85.175424, 27.968364], [85.175471, 27.968477], [85.175506, 27.968601], [85.175638, 27.968758], [85.175732, 27.968881], [85.175777, 27.96898], [85.175763, 27.969166], [85.175871, 27.969118], [85.175958, 27.969191], [85.176057, 27.969244], [85.176133, 27.969285], [85.176232, 27.969298], [85.176316, 27.969304], [85.176266, 27.969376], [85.176424, 27.969409], [85.17653, 27.969377], [85.176704, 27.969288], [85.176852, 27.969394], [85.17704, 27.969536], [85.177212, 27.969657], [85.177402, 27.96968], [85.177565, 27.969736], [85.177707, 27.969818], [85.177843, 27.969873], [85.178025, 27.969991], [85.178496, 27.969964], [85.178691, 27.969884], [85.178787, 27.969968], [85.178974, 27.969962], [85.179215, 27.969929], [85.179435, 27.969971], [85.179594, 27.970032], [85.17981, 27.970074], [85.180194, 27.970097], [85.180222, 27.970213], [85.180017, 27.970302], [85.180156, 27.97055], [85.180322, 27.970816], [85.180482, 27.971243], [85.180867, 27.971189], [85.181327, 27.970614], [85.181641, 27.971039], [85.181658, 27.971324], [85.181845, 27.971495], [85.182055, 27.971735], [85.182039, 27.97237], [85.181876, 27.972805], [85.182105, 27.973369], [85.182072, 27.973909], [85.181895, 27.974367], [85.182439, 27.97471], [85.182997, 27.974875], [85.183468, 27.974915], [85.184043, 27.974795], [85.184602, 27.974815], [85.185018, 27.974959], [85.185067, 27.975155], [85.185277, 27.975222], [85.18556, 27.975209], [85.185772, 27.975228], [85.185978, 27.9752], [85.186142, 27.975252], [85.18631, 27.975257], [85.186346, 27.975349], [85.186416, 27.975466], [85.186554, 27.975604], [85.186689, 27.975721], [85.186792, 27.975861], [85.187035, 27.976014], [85.187222, 27.976159], [85.187601, 27.97632], [85.187864, 27.976384], [85.18814, 27.976507], [85.188444, 27.976754], [85.188609, 27.976914], [85.188641, 27.976972], [85.188894, 27.976989], [85.189091, 27.977063], [85.189214, 27.977139], [85.189357, 27.977009], [85.18967, 27.976874], [85.189805, 27.976876], [85.189952, 27.976798], [85.190016, 27.976728], [85.190149, 27.97663], [85.190533, 27.97653], [85.19073, 27.976385], [85.191032, 27.976258], [85.191505, 27.976101], [85.191603, 27.975954], [85.191813, 27.975868], [85.19156, 27.975856], [85.191404, 27.97595], [85.191335, 27.975901], [85.191264, 27.97582], [85.191034, 27.975831], [85.190904, 27.975893], [85.190751, 27.975962], [85.190613, 27.976047], [85.190444, 27.976121], [85.190305, 27.976227], [85.190161, 27.976195], [85.190013, 27.97625], [85.189987, 27.976135], [85.190102, 27.976027], [85.190235, 27.975937], [85.19036, 27.975861], [85.19046, 27.975782], [85.190741, 27.975651], [85.19103, 27.975609], [85.191262, 27.975492], [85.191507, 27.975505], [85.19169, 27.975535], [85.19189, 27.975579], [85.192011, 27.975601], [85.192129, 27.975639], [85.192304, 27.975705], [85.192486, 27.975751], [85.192583, 27.975803], [85.192821, 27.975572], [85.192632, 27.975497]]]]}}, {"type": "Feature", "properties": {"source": "Copernicus EMS EMSR927 AOI03", "event_type": "6-Mass Movement", "description": "Landslide", "detection_method": "Photo-interpretation", "area_ha": 29.253327, "layer": "copernicus_observed"}, "geometry": {"type": "MultiPolygon", "coordinates": [[[[85.184846, 28.008944], [85.184945, 28.008758], [85.184984, 28.008575], [85.184996, 28.008316], [85.184985, 28.008174], [85.185023, 28.008078], [85.18503, 28.007877], [85.185047, 28.007823], [85.185056, 28.007797], [85.18507, 28.007653], [85.18508, 28.007628], [85.18509, 28.007602], [85.185114, 28.007559], [85.185121, 28.00754], [85.185133, 28.007501], [85.185143, 28.007478], [85.185163, 28.007429], [85.185188, 28.007395], [85.185209, 28.007366], [85.185218, 28.007348], [85.185219, 28.007199], [85.185216, 28.007164], [85.185222, 28.007059], [85.185234, 28.007033], [85.185253, 28.006997], [85.185283, 28.006957], [85.185316, 28.00693], [85.185359, 28.006912], [85.185386, 28.006897], [85.185398, 28.006879], [85.18543, 28.006849], [85.185446, 28.006834], [85.185476, 28.006804], [85.185513, 28.006759], [85.185566, 28.006706], [85.185583, 28.006693], [85.18561, 28.006679], [85.185622, 28.006667], [85.185658, 28.006644], [85.185689, 28.006607], [85.185698, 28.006573], [85.185706, 28.006533], [85.185715, 28.006509], [85.185737, 28.006485], [85.185761, 28.006469], [85.185786, 28.006456], [85.185817, 28.006433], [85.185844, 28.006423], [85.185878, 28.006399], [85.185905, 28.006373], [85.18593, 28.006347], [85.185952, 28.00631], [85.185957, 28.00624], [85.185973, 28.00621], [85.185978, 28.006176], [85.185971, 28.006149], [85.185977, 28.006094], [85.185984, 28.006076], [85.185994, 28.005971], [85.185975, 28.005953], [85.185944, 28.005922], [85.18592, 28.005907], [85.185894, 28.005883], [85.185887, 28.005831], [85.185882, 28.005813], [85.185856, 28.005788], [85.18579, 28.005709], [85.185765, 28.005692], [85.185741, 28.005677], [85.185727, 28.005554], [85.185691, 28.005512], [85.185569, 28.005405], [85.185444, 28.005328], [85.185393, 28.005254], [85.185388, 28.005126], [85.185423, 28.004998], [85.18541, 28.004897], [85.18543, 28.004773], [85.185542, 28.004681], [85.185648, 28.004524], [85.185822, 28.004458], [85.186049, 28.004488], [85.186184, 28.004424], [85.186041, 28.004344], [85.18603, 28.004229], [85.185918, 28.004136], [85.185793, 28.004047], [85.185764, 28.003919], [85.185758, 28.003825], [85.185806, 28.003736], [85.185864, 28.003629], [85.185951, 28.003538], [85.185976, 28.003431], [85.185913, 28.003332], [85.185941, 28.003252], [85.18595, 28.003149], [85.185874, 28.003036], [85.185918, 28.002917], [85.185958, 28.002824], [85.185996, 28.002698], [85.186052, 28.002623], [85.186026, 28.002488], [85.186194, 28.002462], [85.186319, 28.002375], [85.186352, 28.00227], [85.186331, 28.002153], [85.186391, 28.002071], [85.186419, 28.001936], [85.186257, 28.001941], [85.186343, 28.001876], [85.186465, 28.001843], [85.186509, 28.001658], [85.186524, 28.001534], [85.186632, 28.001334], [85.186658, 28.001217], [85.186723, 28.001157], [85.186778, 28.001056], [85.186785, 28.000964], [85.186777, 28.00086], [85.1866, 28.000843], [85.186635, 28.000705], [85.18654, 28.00061], [85.186297, 28.000376], [85.185716, 28.000287], [85.185613, 28.000184], [85.185332, 28.000014], [85.18511, 27.999926], [85.184812, 28.000003], [85.184451, 27.999978], [85.18404, 27.999965], [85.183802, 27.999994], [85.183527, 28.000068], [85.183313, 28.00002], [85.183112, 28.000145], [85.183125, 28.000244], [85.183094, 28.00035], [85.183062, 28.000488], [85.182891, 28.000713], [85.182954, 28.000833], [85.18306, 28.00095], [85.183116, 28.001048], [85.183063, 28.001131], [85.183094, 28.001193], [85.182982, 28.001262], [85.182997, 28.001424], [85.183107, 28.001501], [85.183046, 28.001612], [85.183132, 28.001705], [85.1832, 28.001814], [85.183229, 28.001963], [85.183175, 28.002065], [85.183078, 28.002167], [85.183079, 28.002282], [85.183064, 28.00238], [85.182926, 28.002451], [85.182819, 28.002539], [85.182877, 28.002588], [85.183004, 28.002757], [85.183038, 28.002856], [85.183025, 28.003], [85.182943, 28.003109], [85.18297, 28.00322], [85.182963, 28.003343], [85.183044, 28.003431], [85.182976, 28.003481], [85.182872, 28.003516], [85.182915, 28.003594], [85.183032, 28.003665], [85.182992, 28.003726], [85.182988, 28.003829], [85.183049, 28.00391], [85.183025, 28.004084], [85.183044, 28.004183], [85.183, 28.004329], [85.183009, 28.004453], [85.18295, 28.004587], [85.183038, 28.004682], [85.182982, 28.004821], [85.182983, 28.004931], [85.182884, 28.005095], [85.182876, 28.005266], [85.182838, 28.005413], [85.182817, 28.005561], [85.182882, 28.005532], [85.182933, 28.00556], [85.182965, 28.00565], [85.182885, 28.005832], [85.182862, 28.005981], [85.182826, 28.006019], [85.182816, 28.006029], [85.182786, 28.006035], [85.182767, 28.006038], [85.182761, 28.006059], [85.182783, 28.006075], [85.182799, 28.006084], [85.182808, 28.006099], [85.182804, 28.006121], [85.18279, 28.006133], [85.182772, 28.00614], [85.182711, 28.006148], [85.182706, 28.006181], [85.182711, 28.006192], [85.182716, 28.006205], [85.182716, 28.006253], [85.182689, 28.006285], [85.182682, 28.006295], [85.182678, 28.006331], [85.182675, 28.006363], [85.182668, 28.006373], [85.182661, 28.006384], [85.182629, 28.006413], [85.182626, 28.00644], [85.18264, 28.006462], [85.182647, 28.006477], [85.182631, 28.006515], [85.182619, 28.006535], [85.182599, 28.006576], [85.182596, 28.006589], [85.182588, 28.006605], [85.182584, 28.006618], [85.182577, 28.006628], [85.182563, 28.006636], [85.182554, 28.006655], [85.182548, 28.006699], [85.182555, 28.00673], [85.182562, 28.00676], [85.182564, 28.006791], [85.182543, 28.006836], [85.182527, 28.006859], [85.182536, 28.006935], [85.182542, 28.007035], [85.182525, 28.007077], [85.182518, 28.007102], [85.18251, 28.007122], [85.182501, 28.007149], [85.182492, 28.007169], [85.182483, 28.007188], [85.182477, 28.007199], [85.182472, 28.007211], [85.182469, 28.007256], [85.182463, 28.007272], [85.182457, 28.007285], [85.182447, 28.007305], [85.182433, 28.007349], [85.182427, 28.007435], [85.182432, 28.007453], [85.182439, 28.007477], [85.182452, 28.007506], [85.182466, 28.007534], [85.182474, 28.007565], [85.182442, 28.007612], [85.182436, 28.007679], [85.182443, 28.007746], [85.182447, 28.007782], [85.182446, 28.007839], [85.18244, 28.00786], [85.182437, 28.007891], [85.182408, 28.007939], [85.182403, 28.007965], [85.182395, 28.007982], [85.182384, 28.008016], [85.182381, 28.008052], [85.182389, 28.008083], [85.182391, 28.008135], [85.182378, 28.008175], [85.182365, 28.008199], [85.182357, 28.008225], [85.182349, 28.008252], [85.18234, 28.008291], [85.182324, 28.008339], [85.182307, 28.008372], [85.182297, 28.008393], [85.182291, 28.008414], [85.182286, 28.008441], [85.182283, 28.008472], [85.182297, 28.008501], [85.182302, 28.008511], [85.18231, 28.008532], [85.182312, 28.008591], [85.182293, 28.008633], [85.182276, 28.008661], [85.182263, 28.008679], [85.18224, 28.008704], [85.18222, 28.008722], [85.182186, 28.008742], [85.182146, 28.008763], [85.18212, 28.008785], [85.182093, 28.008817], [85.182055, 28.008875], [85.182009, 28.008946], [85.181997, 28.00896], [85.181988, 28.008968], [85.181974, 28.009001], [85.181914, 28.009089], [85.184846, 28.008944]]]]}}, {"type": "Feature", "properties": {"name": "Langtang Khola Hydroelectric Power House 20MW", "type": "Power plant", "damage": "Destroyed", "source": "EMSR927 AOI01", "layer": "facility", "date": "2026-08-26"}, "geometry": {"type": "Point", "coordinates": [85.34054, 28.16372]}}, {"type": "Feature", "properties": {"name": "Rasuwagadhi Hydropower Dam", "type": "Dam", "damage": "Destroyed", "source": "EMSR927 AOI02", "layer": "facility", "date": "2026-08-26"}, "geometry": {"type": "Point", "coordinates": [85.3771, 28.27416]}}, {"type": "Feature", "properties": {"name": "Trishuli Power House", "type": "Power plant", "damage": "Destroyed", "source": "EMSR927 AOI03", "layer": "facility", "date": "2026-08-26"}, "geometry": {"type": "Point", "coordinates": [85.14594, 27.92133]}}, {"type": "Feature", "properties": {"name": "Rasuwagadhi", "description": "Flood/debris-flow affected area", "source": "EMSR927 AOI01", "layer": "event_marker", "date": "2026-08-26"}, "geometry": {"type": "Point", "coordinates": [85.3546, 28.2595]}}, {"type": "Feature", "properties": {"name": "Timure", "description": "Flood/debris-flow affected area", "source": "EMSR927 AOI02", "layer": "event_marker", "date": "2026-08-26"}, "geometry": {"type": "Point", "coordinates": [85.364, 28.2767]}}, {"type": "Feature", "properties": {"name": "Syapru Besi", "description": "Flood impact area", "source": "EMSR927 AOI01", "layer": "event_marker", "date": "2026-08-26"}, "geometry": {"type": "Point", "coordinates": [85.3388, 28.1604]}}, {"type": "Feature", "properties": {"name": "Bidur", "description": "Downstream affected area", "source": "EMSR927 AOI03", "layer": "event_marker", "date": "2026-08-26"}, "geometry": {"type": "Point", "coordinates": [85.1389, 27.9096]}}, {"type": "Feature", "properties": {"name": "Bhote Koshi", "description": "Affected river corridor", "source": "HOT flood extent", "layer": "event_marker", "date": "2026-08-26"}, "geometry": {"type": "Point", "coordinates": [85.325, 28.11]}}, {"type": "Feature", "properties": {"name": "Trishuli", "description": "Downstream affected corridor", "source": "HOT flood extent", "layer": "event_marker", "date": "2026-08-26"}, "geometry": {"type": "Point", "coordinates": [85.1, 27.85]}}, {"type": "Feature", "properties": {"name": "Bridge (destroyed)", "type": "Bridges and elevated highways", "damage": "Destroyed", "source": "EMSR927 AOI01", "layer": "bridge", "date": "2026-08-26"}, "geometry": {"type": "Point", "coordinates": [85.34372, 28.16346]}}, {"type": "Feature", "properties": {"name": "Bridge (destroyed)", "type": "Bridges and elevated highways", "damage": "Destroyed", "source": "EMSR927 AOI01", "layer": "bridge", "date": "2026-08-26"}, "geometry": {"type": "Point", "coordinates": [85.33998, 28.16424]}}, {"type": "Feature", "properties": {"name": "Bridge (destroyed)", "type": "Bridges and elevated highways", "damage": "Destroyed", "source": "EMSR927 AOI01", "layer": "bridge", "date": "2026-08-26"}, "geometry": {"type": "Point", "coordinates": [85.34263, 28.16592]}}, {"type": "Feature", "properties": {"name": "Bridge (destroyed)", "type": "Bridges and elevated highways", "damage": "Destroyed", "source": "EMSR927 AOI01", "layer": "bridge", "date": "2026-08-26"}, "geometry": {"type": "Point", "coordinates": [85.34225, 28.18155]}}, {"type": "Feature", "properties": {"name": "Bridge (destroyed)", "type": "Bridges and elevated highways", "damage": "Destroyed", "source": "EMSR927 AOI01", "layer": "bridge", "date": "2026-08-26"}, "geometry": {"type": "Point", "coordinates": [85.34336, 28.18279]}}, {"type": "Feature", "properties": {"name": "Bridge (destroyed)", "type": "Bridges and elevated highways", "damage": "Destroyed", "source": "EMSR927 AOI02", "layer": "bridge", "date": "2026-08-26"}, "geometry": {"type": "Point", "coordinates": [85.37773, 28.27115]}}, {"type": "Feature", "properties": {"name": "Bridge (destroyed)", "type": "Bridges and elevated highways", "damage": "Destroyed", "source": "EMSR927 AOI03", "layer": "bridge", "date": "2026-08-26"}, "geometry": {"type": "Point", "coordinates": [85.10902, 27.85843]}}, {"type": "Feature", "properties": {"name": "Bridge (destroyed)", "type": "Bridges and elevated highways", "damage": "Destroyed", "source": "EMSR927 AOI03", "layer": "bridge", "date": "2026-08-26"}, "geometry": {"type": "Point", "coordinates": [85.10805, 27.86057]}}, {"type": "Feature", "properties": {"name": "Bridge (destroyed)", "type": "Bridges and elevated highways", "damage": "Destroyed", "source": "EMSR927 AOI03", "layer": "bridge", "date": "2026-08-26"}, "geometry": {"type": "Point", "coordinates": [85.11628, 27.87037]}}, {"type": "Feature", "properties": {"name": "Bridge (destroyed)", "type": "Bridges and elevated highways", "damage": "Destroyed", "source": "EMSR927 AOI03", "layer": "bridge", "date": "2026-08-26"}, "geometry": {"type": "Point", "coordinates": [85.13639, 27.89232]}}, {"type": "Feature", "properties": {"name": "Bridge (destroyed)", "type": "Bridges and elevated highways", "damage": "Destroyed", "source": "EMSR927 AOI03", "layer": "bridge", "date": "2026-08-26"}, "geometry": {"type": "Point", "coordinates": [85.13872, 27.90949]}}, {"type": "Feature", "properties": {"name": "Bridge (destroyed)", "type": "Bridges and elevated highways", "damage": "Destroyed", "source": "EMSR927 AOI03", "layer": "bridge", "date": "2026-08-26"}, "geometry": {"type": "Point", "coordinates": [85.13733, 27.91887]}}, {"type": "Feature", "properties": {"name": "Bridge (destroyed)", "type": "Bridges and elevated highways", "damage": "Destroyed", "source": "EMSR927 AOI03", "layer": "bridge", "date": "2026-08-26"}, "geometry": {"type": "Point", "coordinates": [85.14797, 27.92132]}}, {"type": "Feature", "properties": {"name": "Bridge (destroyed)", "type": "Bridges and elevated highways", "damage": "Destroyed", "source": "EMSR927 AOI03", "layer": "bridge", "date": "2026-08-26"}, "geometry": {"type": "Point", "coordinates": [85.14945, 27.92183]}}, {"type": "Feature", "properties": {"name": "Bridge (destroyed)", "type": "Bridges and elevated highways", "damage": "Destroyed", "source": "EMSR927 AOI03", "layer": "bridge", "date": "2026-08-26"}, "geometry": {"type": "Point", "coordinates": [85.15008, 27.92767]}}, {"type": "Feature", "properties": {"name": "Bridge (destroyed)", "type": "Bridges and elevated highways", "damage": "Destroyed", "source": "EMSR927 AOI03", "layer": "bridge", "date": "2026-08-26"}, "geometry": {"type": "Point", "coordinates": [85.1583, 27.93934]}}, {"type": "Feature", "properties": {"name": "Bridge (destroyed)", "type": "Bridges and elevated highways", "damage": "Destroyed", "source": "EMSR927 AOI03", "layer": "bridge", "date": "2026-08-26"}, "geometry": {"type": "Point", "coordinates": [85.15938, 27.94584]}}, {"type": "Feature", "properties": {"name": "Bridge (destroyed)", "type": "Bridges and elevated highways", "damage": "Destroyed", "source": "EMSR927 AOI03", "layer": "bridge", "date": "2026-08-26"}, "geometry": {"type": "Point", "coordinates": [85.16288, 27.94855]}}, {"type": "Feature", "properties": {"name": "Bridge (destroyed)", "type": "Bridges and elevated highways", "damage": "Destroyed", "source": "EMSR927 AOI03", "layer": "bridge", "date": "2026-08-26"}, "geometry": {"type": "Point", "coordinates": [85.1642, 27.95519]}}, {"type": "Feature", "properties": {"name": "Bridge (destroyed)", "type": "Bridges and elevated highways", "damage": "Destroyed", "source": "EMSR927 AOI03", "layer": "bridge", "date": "2026-08-26"}, "geometry": {"type": "Point", "coordinates": [85.16374, 27.95575]}}, {"type": "Feature", "properties": {"name": "Bridge (destroyed)", "type": "Bridges and elevated highways", "damage": "Destroyed", "source": "EMSR927 AOI03", "layer": "bridge", "date": "2026-08-26"}, "geometry": {"type": "Point", "coordinates": [85.1665, 27.95828]}}, {"type": "Feature", "properties": {"name": "Bridge (destroyed)", "type": "Bridges and elevated highways", "damage": "Destroyed", "source": "EMSR927 AOI03", "layer": "bridge", "date": "2026-08-26"}, "geometry": {"type": "Point", "coordinates": [85.16931, 27.96308]}}, {"type": "Feature", "properties": {"name": "Bridge (destroyed)", "type": "Bridges and elevated highways", "damage": "Destroyed", "source": "EMSR927 AOI03", "layer": "bridge", "date": "2026-08-26"}, "geometry": {"type": "Point", "coordinates": [85.18444, 27.97249]}}, {"type": "Feature", "properties": {"name": "Bridge (destroyed)", "type": "Bridges and elevated highways", "damage": "Destroyed", "source": "EMSR927 AOI03", "layer": "bridge", "date": "2026-08-26"}, "geometry": {"type": "Point", "coordinates": [85.18566, 27.97448]}}, {"type": "Feature", "properties": {"name": "Pasang Lhamu Highway", "damage": "Destroyed", "source": "EMSR927 AOI01", "layer": "damaged_road", "date": "2026-08-26"}, "geometry": {"type": "MultiLineString", "coordinates": [[[85.33258, 28.1571], [85.33245, 28.15652], [85.33214, 28.15656], [85.33057, 28.15557], [85.32981, 28.15456]]]}}, {"type": "Feature", "properties": {"name": "Pasang Lhamu Highway", "damage": "Destroyed", "source": "EMSR927 AOI01", "layer": "damaged_road", "date": "2026-08-26"}, "geometry": {"type": "MultiLineString", "coordinates": [[[85.33697, 28.16352], [85.33667, 28.1624], [85.33635, 28.16088], [85.33575, 28.16012], [85.33372, 28.15899], [85.33253, 28.15801], [85.33247, 28.15767]]]}}, {"type": "Feature", "properties": {"name": "Pasang Lhamu Highway", "damage": "Destroyed", "source": "EMSR927 AOI01", "layer": "damaged_road", "date": "2026-08-26"}, "geometry": {"type": "MultiLineString", "coordinates": [[[85.33697, 28.16352], [85.33707, 28.16404], [85.33722, 28.16441], [85.33726, 28.16446]]]}}, {"type": "Feature", "properties": {"name": "Pasang Lhamu Highway", "damage": "Destroyed", "source": "EMSR927 AOI03", "layer": "damaged_road", "date": "2026-08-26"}, "geometry": {"type": "MultiLineString", "coordinates": [[[85.10898, 27.85836], [85.10866, 27.85844], [85.10775, 27.85827], [85.10682, 27.85813]]]}}, {"type": "Feature", "properties": {"name": "Pasang Lhamu Highway", "damage": "Destroyed", "source": "EMSR927 AOI03", "layer": "damaged_road", "date": "2026-08-26"}, "geometry": {"type": "MultiLineString", "coordinates": [[[85.14692, 27.91983], [85.14466, 27.91875], [85.14428, 27.91848]]]}}, {"type": "Feature", "properties": {"name": "Pasang Lhamu Highway", "damage": "Destroyed", "source": "EMSR927 AOI03", "layer": "damaged_road", "date": "2026-08-26"}, "geometry": {"type": "MultiLineString", "coordinates": [[[85.15313, 27.93034], [85.15355, 27.93055], [85.15385, 27.9306], [85.15425, 27.93066], [85.15451, 27.93074]]]}}, {"type": "Feature", "properties": {"name": "Pasang Lhamu Highway", "damage": "Destroyed", "source": "EMSR927 AOI03", "layer": "damaged_road", "date": "2026-08-26"}, "geometry": {"type": "MultiLineString", "coordinates": [[[85.15767, 27.93684], [85.15767, 27.93686], [85.15767, 27.93687]]]}}, {"type": "Feature", "properties": {"name": "Pasang Lhamu Highway", "damage": "Destroyed", "source": "EMSR927 AOI03", "layer": "damaged_road", "date": "2026-08-26"}, "geometry": {"type": "MultiLineString", "coordinates": [[[85.15786, 27.93754], [85.15886, 27.93897], [85.16009, 27.94057], [85.16104, 27.9426], [85.16245, 27.94571]]]}}, {"type": "Feature", "properties": {"name": "Pasang Lhamu Highway", "damage": "Destroyed", "source": "EMSR927 AOI03", "layer": "damaged_road", "date": "2026-08-26"}, "geometry": {"type": "MultiLineString", "coordinates": [[[85.16245, 27.94571], [85.16248, 27.94574]]]}}, {"type": "Feature", "properties": {"name": "Pasang Lhamu Highway", "damage": "Destroyed", "source": "EMSR927 AOI03", "layer": "damaged_road", "date": "2026-08-26"}, "geometry": {"type": "MultiLineString", "coordinates": [[[85.16248, 27.94574], [85.16255, 27.94582], [85.16269, 27.94601], [85.16273, 27.94607]]]}}, {"type": "Feature", "properties": {"name": "Pasang Lhamu Highway", "damage": "Destroyed", "source": "EMSR927 AOI03", "layer": "damaged_road", "date": "2026-08-26"}, "geometry": {"type": "MultiLineString", "coordinates": [[[85.1629, 27.94648], [85.16292, 27.94653], [85.16308, 27.94676], [85.16329, 27.94699]]]}}, {"type": "Feature", "properties": {"name": "Pasang Lhamu Highway", "damage": "Destroyed", "source": "EMSR927 AOI03", "layer": "damaged_road", "date": "2026-08-26"}, "geometry": {"type": "MultiLineString", "coordinates": [[[85.16356, 27.94728], [85.16363, 27.94736]]]}}, {"type": "Feature", "properties": {"name": "Pasang Lhamu Highway", "damage": "Destroyed", "source": "EMSR927 AOI03", "layer": "damaged_road", "date": "2026-08-26"}, "geometry": {"type": "MultiLineString", "coordinates": [[[85.16397, 27.94822], [85.16399, 27.94831], [85.16415, 27.94858]]]}}, {"type": "Feature", "properties": {"name": "Pasang Lhamu Highway", "damage": "Destroyed", "source": "EMSR927 AOI03", "layer": "damaged_road", "date": "2026-08-26"}, "geometry": {"type": "MultiLineString", "coordinates": [[[85.16794, 27.95726], [85.1696, 27.95949], [85.17192, 27.96177]]]}}, {"type": "Feature", "properties": {"name": "Pasang Lhamu Highway", "damage": "Destroyed", "source": "EMSR927 AOI03", "layer": "damaged_road", "date": "2026-08-26"}, "geometry": {"type": "MultiLineString", "coordinates": [[[85.17948, 27.96749], [85.17999, 27.9684], [85.18059, 27.96878], [85.18113, 27.96888], [85.18183, 27.96876], [85.18309, 27.96902], [85.18409, 27.96935], [85.1845, 27.9697], [85.18479, 27.97031]]]}}, {"type": "Feature", "properties": {"name": "Pasang Lhamu Highway", "damage": "Destroyed", "source": "EMSR927 AOI03", "layer": "damaged_road", "date": "2026-08-26"}, "geometry": {"type": "MultiLineString", "coordinates": [[[85.18479, 27.97031], [85.18486, 27.97053]]]}}, {"type": "Feature", "properties": {"name": "Pasang Lhamu Highway", "damage": "Destroyed", "source": "EMSR927 AOI03", "layer": "damaged_road", "date": "2026-08-26"}, "geometry": {"type": "MultiLineString", "coordinates": [[[85.18486, 27.97053], [85.18536, 27.97188], [85.18561, 27.9726]]]}}, {"type": "Feature", "properties": {"name": "Pasang Lhamu Highway", "damage": "Destroyed", "source": "EMSR927 AOI03", "layer": "damaged_road", "date": "2026-08-26"}, "geometry": {"type": "MultiLineString", "coordinates": [[[85.17192, 27.96177], [85.172, 27.96184]]]}}, {"type": "Feature", "properties": {"name": "Pasang Lhamu Highway", "damage": "Destroyed", "source": "EMSR927 AOI03", "layer": "damaged_road", "date": "2026-08-26"}, "geometry": {"type": "MultiLineString", "coordinates": [[[85.172, 27.96184], [85.17245, 27.96227], [85.17268, 27.9625], [85.17272, 27.96254]]]}}, {"type": "Feature", "properties": {"name": "Pasang Lhamu Highway", "damage": "Destroyed", "source": "EMSR927 AOI03", "layer": "damaged_road", "date": "2026-08-26"}, "geometry": {"type": "MultiLineString", "coordinates": [[[85.17272, 27.96254], [85.17276, 27.96258], [85.17277, 27.96259], [85.17279, 27.96261]]]}}, {"type": "Feature", "properties": {"name": "Pasang Lhamu Highway", "damage": "Destroyed", "source": "EMSR927 AOI03", "layer": "damaged_road", "date": "2026-08-26"}, "geometry": {"type": "MultiLineString", "coordinates": [[[85.17279, 27.96261], [85.173, 27.9628]]]}}, {"type": "Feature", "properties": {"name": "Pasang Lhamu Highway", "damage": "Destroyed", "source": "EMSR927 AOI03", "layer": "damaged_road", "date": "2026-08-26"}, "geometry": {"type": "MultiLineString", "coordinates": [[[85.173, 27.9628], [85.17309, 27.96288]]]}}, {"type": "Feature", "properties": {"name": "Pasang Lhamu Highway", "damage": "Destroyed", "source": "EMSR927 AOI03", "layer": "damaged_road", "date": "2026-08-26"}, "geometry": {"type": "MultiLineString", "coordinates": [[[85.17309, 27.96288], [85.17322, 27.963]]]}}, {"type": "Feature", "properties": {"name": "Pasang Lhamu Highway", "damage": "Destroyed", "source": "EMSR927 AOI03", "layer": "damaged_road", "date": "2026-08-26"}, "geometry": {"type": "MultiLineString", "coordinates": [[[85.17322, 27.963], [85.17327, 27.96304]]]}}, {"type": "Feature", "properties": {"name": "Pasang Lhamu Highway", "damage": "Destroyed", "source": "EMSR927 AOI03", "layer": "damaged_road", "date": "2026-08-26"}, "geometry": {"type": "MultiLineString", "coordinates": [[[85.18569, 27.97291], [85.18569, 27.97294], [85.18576, 27.97315]]]}}, {"type": "Feature", "properties": {"name": "Pasang Lhamu Highway", "damage": "Destroyed", "source": "EMSR927 AOI03", "layer": "damaged_road", "date": "2026-08-26"}, "geometry": {"type": "MultiLineString", "coordinates": [[[85.18582, 27.97333], [85.18586, 27.97345], [85.18592, 27.9736], [85.1859, 27.97371], [85.18588, 27.97391]]]}}, {"type": "Feature", "properties": {"name": "Pasang Lhamu Highway", "damage": "Destroyed", "source": "EMSR927 AOI03", "layer": "damaged_road", "date": "2026-08-26"}, "geometry": {"type": "MultiLineString", "coordinates": [[[85.18566, 27.97448], [85.18533, 27.97492], [85.18494, 27.9749]]]}}, {"type": "Feature", "properties": {"name": "Pasang Lhamu Highway", "damage": "Destroyed", "source": "EMSR927 AOI03", "layer": "damaged_road", "date": "2026-08-26"}, "geometry": {"type": "MultiLineString", "coordinates": [[[85.16717, 27.95652], [85.16732, 27.95662], [85.1674, 27.95669]]]}}, {"type": "Feature", "properties": {"name": "Pasang Lhamu Highway", "damage": "Destroyed", "source": "EMSR927 AOI03", "layer": "damaged_road", "date": "2026-08-26"}, "geometry": {"type": "MultiLineString", "coordinates": [[[85.1674, 27.95669], [85.16757, 27.95683]]]}}, {"type": "Feature", "properties": {"name": "Pasang Lhamu Highway", "damage": "Destroyed", "source": "EMSR927 AOI03", "layer": "damaged_road", "date": "2026-08-26"}, "geometry": {"type": "MultiLineString", "coordinates": [[[85.16757, 27.95683], [85.16761, 27.95687]]]}}, {"type": "Feature", "properties": {"name": "Pasang Lhamu Highway", "damage": "Destroyed", "source": "EMSR927 AOI03", "layer": "damaged_road", "date": "2026-08-26"}, "geometry": {"type": "MultiLineString", "coordinates": [[[85.16761, 27.95687], [85.16765, 27.9569]]]}}, {"type": "Feature", "properties": {"name": "Pasang Lhamu Highway", "damage": "Destroyed", "source": "EMSR927 AOI03", "layer": "damaged_road", "date": "2026-08-26"}, "geometry": {"type": "MultiLineString", "coordinates": [[[85.16765, 27.9569], [85.16783, 27.95706], [85.16792, 27.95722]]]}}, {"type": "Feature", "properties": {"name": "Pasang Lhamu Highway", "damage": "Destroyed", "source": "EMSR927 AOI03", "layer": "damaged_road", "date": "2026-08-26"}, "geometry": {"type": "MultiLineString", "coordinates": [[[85.16792, 27.95722], [85.16794, 27.95726]]]}}, {"type": "Feature", "properties": {"name": "Pasang Lhamu Highway", "damage": "Destroyed", "source": "EMSR927 AOI03", "layer": "damaged_road", "date": "2026-08-26"}, "geometry": {"type": "MultiLineString", "coordinates": [[[85.18439, 27.9748], [85.18427, 27.97479], [85.18418, 27.97479], [85.18413, 27.9748]]]}}]}